Sample in Buffer,Sample in Window,TRIGGER,w_noise[7:0]
Radix - UNSIGNED,UNSIGNED,UNSIGNED,SIGNED
0,0,0,28
1,1,0,-5
2,2,0,-8
3,3,0,-14
4,4,0,-25
5,5,0,16
6,6,0,-28
7,7,0,10
8,8,0,22
9,9,0,-18
10,10,0,31
11,11,0,-65
12,12,0,2
13,13,0,6
14,14,0,14
15,15,0,-33
16,16,0,64
17,17,0,-63
18,18,0,4
19,19,0,10
20,20,0,-43
21,21,0,-19
22,22,0,28
23,23,0,-7
24,24,0,-12
25,25,0,43
26,26,0,-41
27,27,0,-17
28,28,0,30
29,29,0,-1
30,30,0,-64
31,31,0,1
32,32,0,6
33,33,0,78
34,34,0,-34
35,35,0,-2
36,36,0,61
37,37,0,-68
38,38,0,-8
39,39,0,-15
40,40,0,-29
41,41,0,9
42,42,0,-45
43,43,0,41
44,44,0,19
45,45,0,38
46,46,0,-50
47,47,0,30
48,48,0,-65
49,49,0,-1
50,50,0,63
51,51,0,0
52,52,0,3
53,53,0,-55
54,54,0,21
55,55,0,42
56,56,0,22
57,57,0,-17
58,58,0,-31
59,59,0,-60
60,60,0,74
61,61,0,22
62,62,0,-19
63,63,0,-37
64,64,0,-8
65,65,0,-13
66,66,0,-24
67,67,0,20
68,68,0,43
69,69,0,23
70,70,0,-16
71,71,0,34
72,72,0,-60
73,73,0,-55
74,74,0,21
75,75,0,-19
76,76,0,-35
77,77,0,61
78,78,0,61
79,79,0,-2
80,80,0,-2
81,81,0,-1
82,82,0,-2
83,83,0,0
84,84,0,-62
85,85,0,6
86,86,0,-49
87,87,0,96
88,88,0,-64
89,89,0,1
90,90,0,3
91,91,0,-56
92,92,0,-46
93,93,0,38
94,94,0,15
95,95,0,33
96,96,0,4
97,97,0,10
98,98,0,21
99,99,0,-20
100,100,0,-38
101,101,0,-11
102,102,0,-21
103,103,0,24
104,104,0,-14
105,105,0,-27
106,106,0,12
107,107,0,27
108,108,0,-9
109,109,0,-16
110,110,0,35
111,111,0,8
112,112,0,-45
113,113,0,40
114,114,0,18
115,115,0,-26
116,116,0,13
117,117,0,-38
118,118,0,-9
119,119,0,-15
120,120,0,-26
121,121,0,13
122,122,0,92
123,123,0,-7
124,124,0,-12
125,125,0,-84
126,126,0,25
127,127,0,-13
128,128,0,39
129,129,0,16
130,130,0,-94
131,131,0,6
132,132,0,13
133,133,0,28
134,134,0,-8
135,135,0,-14
136,136,0,-26
137,137,0,13
138,138,0,-36
139,139,0,57
140,140,0,-11
141,141,0,-20
142,142,0,27
143,143,0,-8
144,144,0,49
145,145,0,-30
146,146,0,6
147,147,0,-50
148,148,0,-34
149,149,0,-3
150,150,0,61
151,151,0,-6
152,152,0,-10
153,153,0,-17
154,154,0,32
155,155,0,-61
156,156,0,73
157,157,0,19
158,158,0,-24
159,159,0,18
160,160,0,-27
161,161,0,-52
162,162,0,27
163,163,0,-7
164,164,0,-11
165,165,0,45
166,166,0,28
167,167,0,-6
168,168,0,-8
169,169,0,-13
170,170,0,-23
171,171,0,19
172,172,0,39
173,173,0,-47
174,174,0,-28
175,175,0,-55
176,176,0,20
177,177,0,43
178,178,0,-40
179,179,0,-13
180,180,0,41
181,181,0,22
182,182,0,-18
183,183,0,30
184,184,0,-1
185,185,0,-1
186,186,0,-64
187,187,0,2
188,188,0,7
189,189,0,-48
190,190,0,32
191,191,0,3
192,192,0,7
193,193,0,-48
194,194,0,-28
195,195,0,74
196,196,0,-41
197,197,0,47
198,198,0,31
199,199,0,-64
200,200,0,2
201,201,0,-58
202,202,0,14
203,203,0,31
204,204,0,0
205,205,0,3
206,206,0,8
207,207,0,18
208,208,0,-26
209,209,0,13
210,210,0,-36
211,211,0,-7
212,212,0,-12
213,213,0,-23
214,214,0,22
215,215,0,-18
216,216,0,31
217,217,0,2
218,218,0,69
219,219,0,-52
220,220,0,26
221,221,0,-10
222,222,0,-82
223,223,0,29
224,224,0,-4
225,225,0,-7
226,226,0,-13
227,227,0,-24
228,228,0,19
229,229,0,-24
230,230,0,17
231,231,0,36
232,232,0,10
233,233,0,-41
234,234,0,-15
235,235,0,35
236,236,0,7
237,237,0,16
238,238,0,-29
239,239,0,-55
240,240,0,20
241,241,0,41
242,242,0,21
243,243,0,-22
244,244,0,-42
245,245,0,-18
246,246,0,30
247,247,0,-67
248,248,0,59
249,249,0,-7
250,250,0,-13
251,251,0,-23
252,252,0,20
253,253,0,42
254,254,0,-42
255,255,0,46
256,256,0,-33
257,257,0,-1
258,258,0,1
259,259,0,5
260,260,0,11
261,261,0,-40
262,262,0,49
263,263,0,-28
264,264,0,-55
265,265,0,20
266,266,0,-21
267,267,0,24
268,268,0,-15
269,269,0,36
270,270,0,10
271,271,0,-42
272,272,0,-19
273,273,0,29
274,274,0,-4
275,275,0,-8
276,276,0,-14
277,277,0,38
278,278,0,-49
279,279,0,-31
280,280,0,67
281,281,0,7
282,282,0,15
283,283,0,-32
284,284,0,-61
285,285,0,9
286,286,0,20
287,287,0,42
288,288,0,22
289,289,0,-19
290,290,0,-35
291,291,0,-4
292,292,0,-5
293,293,0,-7
294,294,0,53
295,295,0,-20
296,296,0,25
297,297,0,-13
298,298,0,-24
299,299,0,-44
300,300,0,-22
301,301,0,21
302,302,0,42
303,303,0,23
304,304,0,-79
305,305,0,-28
306,306,0,9
307,307,0,86
308,308,0,-20
309,309,0,-40
310,310,0,-13
311,311,0,39
312,312,0,-113
313,313,0,32
314,314,0,66
315,315,0,-59
316,316,0,11
317,317,0,24
318,318,0,-13
319,319,0,-24
320,320,0,18
321,321,0,39
322,322,0,16
323,323,0,-29
324,324,0,8
325,325,0,18
326,326,0,-26
327,327,0,14
328,328,0,-34
329,329,0,-3
330,330,0,-5
331,331,0,-7
332,332,0,-12
333,333,0,-22
334,334,0,23
335,335,0,48
336,336,0,-31
337,337,0,4
338,338,0,12
339,339,0,-38
340,340,0,-9
341,341,0,49
342,342,0,36
343,343,0,-52
344,344,0,27
345,345,0,-8
346,346,0,-14
347,347,0,37
348,348,0,-52
349,349,0,-38
350,350,0,-9
351,351,0,-16
352,352,0,35
353,353,0,9
354,354,0,19
355,355,0,-24
356,356,0,19
357,357,0,-25
358,358,0,-48
359,359,0,36
360,360,0,10
361,361,0,-41
362,362,0,49
363,363,0,37
364,364,0,-53
365,365,0,23
366,366,0,-17
367,367,0,-33
368,368,0,-64
369,369,0,1
370,370,0,5
371,371,0,11
372,372,0,23
373,373,0,-16
374,374,0,35
375,375,0,-56
376,376,0,16
377,377,0,34
378,378,0,7
379,379,0,-47
380,380,0,-27
381,381,0,75
382,382,0,24
383,383,0,-13
384,384,0,-25
385,385,0,-47
386,386,0,37
387,387,0,12
388,388,0,-38
389,389,0,56
390,390,0,-14
391,391,0,-27
392,392,0,12
393,393,0,26
394,394,0,-74
395,395,0,-19
396,396,0,29
397,397,0,-6
398,398,0,-11
399,399,0,-22
400,400,0,21
401,401,0,-85
402,402,0,23
403,403,0,-17
404,404,0,32
405,405,0,3
406,406,0,9
407,407,0,20
408,408,0,41
409,409,0,19
410,410,0,-24
411,411,0,-45
412,412,0,-24
413,413,0,20
414,414,0,44
415,415,0,25
416,416,0,-12
417,417,0,42
418,418,0,-42
419,419,0,-82
420,420,0,29
421,421,0,-3
422,422,0,-4
423,423,0,-4
424,424,0,-5
425,425,0,56
426,426,0,-14
427,427,0,38
428,428,0,-48
429,429,0,-30
430,430,0,4
431,431,0,9
432,432,0,20
433,433,0,-86
434,434,0,-43
435,435,0,44
436,436,0,24
437,437,0,-14
438,438,0,-27
439,439,0,11
440,440,0,-40
441,441,0,51
442,442,0,-24
443,443,0,18
444,444,0,38
445,445,0,14
446,446,0,-33
447,447,0,0
448,448,0,2
449,449,0,6
450,450,0,16
451,451,0,-30
452,452,0,7
453,453,0,15
454,454,0,33
455,455,0,-59
456,456,0,11
457,457,0,-41
458,458,0,49
459,459,0,-29
460,460,0,-56
461,461,0,19
462,462,0,41
463,463,0,-43
464,464,0,45
465,465,0,27
466,466,0,-8
467,467,0,-14
468,468,0,-25
469,469,0,-49
470,470,0,32
471,471,0,3
472,472,0,7
473,473,0,-46
474,474,0,37
475,475,0,12
476,476,0,-37
477,477,0,56
478,478,0,-78
479,479,0,39
480,480,0,16
481,481,0,-29
482,482,0,7
483,483,0,18
484,484,0,-26
485,485,0,14
486,486,0,-32
487,487,0,64
488,488,0,-61
489,489,0,10
490,490,0,22
491,491,0,-80
492,492,0,96
493,493,0,0
494,494,0,-60
495,495,0,11
496,496,0,-103
497,497,0,52
498,498,0,107
499,499,0,-41
500,500,0,-16
501,501,0,-28
502,502,0,12
503,503,0,-36
504,504,0,60
505,505,0,60
506,506,0,-5
507,507,0,-7
508,508,0,-12
509,509,0,-22
510,510,0,-41
511,511,0,-16
512,512,0,-32
513,513,0,1
514,514,0,4
515,515,0,-54
516,516,0,-42
517,517,0,47
518,518,0,32
519,519,0,2
520,520,0,6
521,521,0,15
522,522,0,-31
523,523,0,5
524,524,0,11
525,525,0,25
526,526,0,-11
527,527,0,-20
528,528,0,-40
529,529,0,49
530,530,0,-28
531,531,0,-55
532,532,0,-44
533,533,0,44
534,534,0,24
535,535,0,-13
536,536,0,39
537,537,0,15
538,538,0,-96
539,539,0,66
540,540,0,-56
541,541,0,18
542,542,0,39
543,543,0,16
544,544,0,35
545,545,0,-57
546,546,0,16
547,547,0,-31
548,548,0,2
549,549,0,-57
550,550,0,15
551,551,0,-34
552,552,0,-2
553,553,0,62
554,554,0,-65
555,555,0,0
556,556,0,67
557,557,0,9
558,558,0,19
559,559,0,-24
560,560,0,18
561,561,0,-27
562,562,0,-53
563,563,0,22
564,564,0,-19
565,565,0,-37
566,566,0,-8
567,567,0,-14
568,568,0,39
569,569,0,15
570,570,0,33
571,571,0,4
572,572,0,9
573,573,0,-45
574,574,0,40
575,575,0,-44
576,576,0,-22
577,577,0,21
578,578,0,44
579,579,0,26
580,580,0,-75
581,581,0,-20
582,582,0,27
583,583,0,-6
584,584,0,-9
585,585,0,47
586,586,0,33
587,587,0,4
588,588,0,-53
589,589,0,-40
590,590,0,52
591,591,0,-21
592,592,0,26
593,593,0,-9
594,594,0,47
595,595,0,-32
596,596,0,1
597,597,0,-60
598,598,0,-54
599,599,0,23
600,600,0,-16
601,601,0,35
602,602,0,9
603,603,0,21
604,604,0,-19
605,605,0,28
606,606,0,-5
607,607,0,-8
608,608,0,-15
609,609,0,-28
610,610,0,11
611,611,0,-39
612,612,0,-14
613,613,0,37
614,614,0,12
615,615,0,-37
616,616,0,-71
617,617,0,52
618,618,0,42
619,619,0,22
620,620,0,-19
621,621,0,-36
622,622,0,-6
623,623,0,-8
624,624,0,-13
625,625,0,41
626,626,0,19
627,627,0,39
628,628,0,-49
629,629,0,-31
630,630,0,-60
631,631,0,11
632,632,0,24
633,633,0,48
634,634,0,-29
635,635,0,7
636,636,0,-48
637,637,0,-31
638,638,0,67
639,639,0,-55
640,640,0,20
641,641,0,-22
642,642,0,22
643,643,0,47
644,644,0,-33
645,645,0,0
646,646,0,1
647,647,0,3
648,648,0,-57
649,649,0,14
650,650,0,-33
651,651,0,2
652,652,0,5
653,653,0,12
654,654,0,90
655,655,0,-10
656,656,0,-82
657,657,0,30
658,658,0,-3
659,659,0,-5
660,660,0,-9
661,661,0,-15
662,662,0,-29
663,663,0,6
664,664,0,14
665,665,0,31
666,666,0,-63
667,667,0,4
668,668,0,75
669,669,0,23
670,670,0,-17
671,671,0,-30
672,672,0,5
673,673,0,-51
674,674,0,28
675,675,0,57
676,676,0,-76
677,677,0,42
678,678,0,-43
679,679,0,-18
680,680,0,30
681,681,0,-3
682,682,0,-3
683,683,0,62
684,684,0,-66
685,685,0,-2
686,686,0,62
687,687,0,-3
688,688,0,-68
689,689,0,-6
690,690,0,-10
691,691,0,-18
692,692,0,30
693,693,0,-1
694,694,0,-1
695,695,0,0
696,696,0,2
697,697,0,6
698,698,0,-49
699,699,0,31
700,700,0,-1
701,701,0,0
702,702,0,3
703,703,0,-56
704,704,0,18
705,705,0,37
706,706,0,11
707,707,0,-40
708,708,0,-12
709,709,0,-21
710,710,0,24
711,711,0,50
712,712,0,38
713,713,0,-51
714,714,0,-38
715,715,0,-11
716,716,0,-20
717,717,0,-38
718,718,0,-10
719,719,0,47
720,720,0,32
721,721,0,3
722,722,0,8
723,723,0,18
724,724,0,-27
725,725,0,12
726,726,0,-37
727,727,0,-8
728,728,0,-15
729,729,0,35
730,730,0,8
731,731,0,-46
732,732,0,-25
733,733,0,15
734,734,0,32
735,735,0,3
736,736,0,9
737,737,0,-43
738,738,0,44
739,739,0,26
740,740,0,-10
741,741,0,-20
742,742,0,-38
743,743,0,-9
744,744,0,-17
745,745,0,-32
746,746,0,67
747,747,0,8
748,748,0,-47
749,749,0,35
750,750,0,6
751,751,0,-50
752,752,0,-34
753,753,0,-1
754,754,0,0
755,755,0,67
756,756,0,6
757,757,0,13
758,758,0,-37
759,759,0,-8
760,760,0,-79
761,761,0,36
762,762,0,8
763,763,0,18
764,764,0,-25
765,765,0,15
766,766,0,-32
767,767,0,67
768,768,0,9
769,769,0,-44
770,770,0,43
771,771,0,24
772,772,0,-14
773,773,0,-28
774,774,0,10
775,775,0,-44
776,776,0,-21
777,777,0,-40
778,778,0,51
779,779,0,-24
780,780,0,82
781,781,0,-25
782,782,0,16
783,783,0,-30
784,784,0,6
785,785,0,15
786,786,0,-32
787,787,0,2
788,788,0,6
789,789,0,14
790,790,0,-34
791,791,0,0
792,792,0,2
793,793,0,6
794,794,0,14
795,795,0,30
796,796,0,-67
797,797,0,-4
798,798,0,-5
799,799,0,-8
800,800,0,-16
801,801,0,34
802,802,0,5
803,803,0,-52
804,804,0,-38
805,805,0,52
806,806,0,-22
807,807,0,23
808,808,0,-14
809,809,0,-24
810,810,0,81
811,811,0,35
812,812,0,7
813,813,0,-48
814,814,0,-94
815,815,0,6
816,816,0,14
817,817,0,29
818,818,0,-4
819,819,0,-6
820,820,0,-9
821,821,0,-17
822,822,0,33
823,823,0,3
824,824,0,8
825,825,0,-46
826,826,0,38
827,827,0,-48
828,828,0,35
829,829,0,8
830,830,0,17
831,831,0,35
832,832,0,-56
833,833,0,-47
834,834,0,-29
835,835,0,9
836,836,0,21
837,837,0,-19
838,838,0,27
839,839,0,57
840,840,0,-11
841,841,0,-21
842,842,0,-39
843,843,0,53
844,844,0,-19
845,845,0,-36
846,846,0,58
847,847,0,-8
848,848,0,-14
849,849,0,-27
850,850,0,12
851,851,0,28
852,852,0,-72
853,853,0,-14
854,854,0,39
855,855,0,17
856,856,0,-92
857,857,0,75
858,858,0,24
859,859,0,-13
860,860,0,-25
861,861,0,16
862,862,0,-30
863,863,0,6
864,864,0,-51
865,865,0,27
866,866,0,-7
867,867,0,-10
868,868,0,-19
869,869,0,28
870,870,0,59
871,871,0,-9
872,872,0,-80
873,873,0,35
874,874,0,8
875,875,0,-45
876,876,0,41
877,877,0,22
878,878,0,-18
879,879,0,29
880,880,0,-5
881,881,0,-7
882,882,0,-76
883,883,0,-22
884,884,0,20
885,885,0,42
886,886,0,-42
887,887,0,-18
888,888,0,-35
889,889,0,60
890,890,0,-7
891,891,0,-12
892,892,0,-22
893,893,0,21
894,894,0,-19
895,895,0,28
896,896,0,-5
897,897,0,-9
898,898,0,47
899,899,0,-33
900,900,0,0
901,901,0,-63
902,902,0,3
903,903,0,7
904,904,0,15
905,905,0,-32
906,906,0,2
907,907,0,7
908,908,0,18
909,909,0,38
910,910,0,15
911,911,0,32
912,912,0,2
913,913,0,-59
914,914,0,11
915,915,0,-40
916,916,0,-15
917,917,0,-29
918,918,0,8
919,919,0,17
920,920,0,-29
921,921,0,8
922,922,0,19
923,923,0,-26
924,924,0,15
925,925,0,33
926,926,0,5
927,927,0,-53
928,928,0,88
929,929,0,-14
930,930,0,-25
931,931,0,-48
932,932,0,35
933,933,0,8
934,934,0,19
935,935,0,-25
936,936,0,15
937,937,0,-31
938,938,0,4
939,939,0,-54
940,940,0,22
941,941,0,47
942,942,0,-33
943,943,0,1
944,944,0,4
945,945,0,11
946,946,0,-41
947,947,0,50
948,948,0,-26
949,949,0,12
950,950,0,-40
951,951,0,51
952,952,0,-87
953,953,0,-45
954,954,0,39
955,955,0,81
956,956,0,-29
957,957,0,-55
958,958,0,19
959,959,0,41
960,960,0,-43
961,961,0,45
962,962,0,-36
963,963,0,57
964,964,0,-11
965,965,0,-20
966,966,0,-39
967,967,0,-11
968,968,0,45
969,969,0,-36
970,970,0,-8
971,971,0,50
972,972,0,-26
973,973,0,-50
974,974,0,-34
975,975,0,64
976,976,0,3
977,977,0,7
978,978,0,15
979,979,0,32
980,980,0,-63
981,981,0,-58
982,982,0,13
983,983,0,27
984,984,0,-8
985,985,0,50
986,986,0,-90
987,987,0,15
988,988,0,33
989,989,0,3
990,990,0,7
991,991,0,18
992,992,0,-27
993,993,0,-52
994,994,0,26
995,995,0,55
996,996,0,-80
997,997,0,32
998,998,0,2
999,999,0,6
1000,1000,0,-50
1001,1001,0,-34
1002,1002,0,61
1003,1003,0,-3
1004,1004,0,-2
1005,1005,0,-1
1006,1006,0,1
1007,1007,0,67
1008,1008,0,8
1009,1009,0,-44
1010,1010,0,-22
1011,1011,0,-41
1012,1012,0,47
1013,1013,0,31
1014,1014,0,-65
1015,1015,0,0
1016,1016,0,-62
1017,1017,0,7
1018,1018,0,15
1019,1019,0,34
1020,1020,0,5
1021,1021,0,12
1022,1022,0,-39
1023,1023,0,51
1024,1024,0,-87
1025,1025,0,18
1026,1026,0,-26
1027,1027,0,14
1028,1028,0,31
1029,1029,0,-62
1030,1030,0,70
1031,1031,0,16
1032,1032,0,34
1033,1033,0,5
1034,1034,0,-51
1035,1035,0,29
1036,1036,0,-68
1037,1037,0,-7
1038,1038,0,52
1039,1039,0,-24
1040,1040,0,-47
1041,1041,0,-29
1042,1042,0,8
1043,1043,0,-47
1044,1044,0,35
1045,1045,0,9
1046,1046,0,21
1047,1047,0,-19
1048,1048,0,29
1049,1049,0,62
1050,1050,0,-2
1051,1051,0,-2
1052,1052,0,-1
1053,1053,0,1
1054,1054,0,-58
1055,1055,0,16
1056,1056,0,36
1057,1057,0,9
1058,1058,0,19
1059,1059,0,-24
1060,1060,0,-45
1061,1061,0,-89
1062,1062,0,16
1063,1063,0,33
1064,1064,0,3
1065,1065,0,-57
1066,1066,0,17
1067,1067,0,-27
1068,1068,0,12
1069,1069,0,26
1070,1070,0,55
1071,1071,0,-17
1072,1072,0,-32
1073,1073,0,1
1074,1074,0,4
1075,1075,0,-56
1076,1076,0,19
1077,1077,0,-24
1078,1078,0,17
1079,1079,0,-29
1080,1080,0,71
1081,1081,0,-47
1082,1082,0,-26
1083,1083,0,13
1084,1084,0,28
1085,1085,0,58
1086,1086,0,-9
1087,1087,0,-80
1088,1088,0,33
1089,1089,0,5
1090,1090,0,12
1091,1091,0,-36
1092,1092,0,-6
1093,1093,0,56
1094,1094,0,-14
1095,1095,0,38
1096,1096,0,-49
1097,1097,0,32
1098,1098,0,-62
1099,1099,0,5
1100,1100,0,12
1101,1101,0,-39
1102,1102,0,-13
1103,1103,0,-23
1104,1104,0,21
1105,1105,0,-21
1106,1106,0,25
1107,1107,0,53
1108,1108,0,-19
1109,1109,0,-37
1110,1110,0,57
1111,1111,0,-13
1112,1112,0,-24
1113,1113,0,-47
1114,1114,0,37
1115,1115,0,-54
1116,1116,0,20
1117,1117,0,-20
1118,1118,0,26
1119,1119,0,-76
1120,1120,0,41
1121,1121,0,85
1122,1122,0,-83
1123,1123,0,-38
1124,1124,0,53
1125,1125,0,44
1126,1126,0,-37
1127,1127,0,-72
1128,1128,0,50
1129,1129,0,39
1130,1130,0,16
1131,1131,0,-32
1132,1132,0,3
1133,1133,0,9
1134,1134,0,-44
1135,1135,0,-22
1136,1136,0,86
1137,1137,0,-17
1138,1138,0,-32
1139,1139,0,1
1140,1140,0,4
1141,1141,0,11
1142,1142,0,-41
1143,1143,0,-15
1144,1144,0,38
1145,1145,0,15
1146,1146,0,-33
1147,1147,0,65
1148,1148,0,2
1149,1149,0,-58
1150,1150,0,-50
1151,1151,0,31
1152,1152,0,-62
1153,1153,0,69
1154,1154,0,11
1155,1155,0,26
1156,1156,0,-11
1157,1157,0,-85
1158,1158,0,24
1159,1159,0,49
1160,1160,0,-93
1161,1161,0,7
1162,1162,0,17
1163,1163,0,-28
1164,1164,0,8
1165,1165,0,18
1166,1166,0,38
1167,1167,0,-49
1168,1168,0,-32
1169,1169,0,66
1170,1170,0,6
1171,1171,0,15
1172,1172,0,-31
1173,1173,0,5
1174,1174,0,12
1175,1175,0,26
1176,1176,0,-9
1177,1177,0,-16
1178,1178,0,-30
1179,1179,0,6
1180,1180,0,14
1181,1181,0,-33
1182,1182,0,-2
1183,1183,0,-2
1184,1184,0,-1
1185,1185,0,0
1186,1186,0,-63
1187,1187,0,69
1188,1188,0,12
1189,1189,0,-38
1190,1190,0,-8
1191,1191,0,49
1192,1192,0,-28
1193,1193,0,10
1194,1194,0,22
1195,1195,0,-83
1196,1196,0,27
1197,1197,0,-9
1198,1198,0,-14
1199,1199,0,-27
1200,1200,0,11
1201,1201,0,23
1202,1202,0,47
1203,1203,0,-97
1204,1204,0,0
1205,1205,0,3
1206,1206,0,8
1207,1207,0,18
1208,1208,0,38
1209,1209,0,13
1210,1210,0,-37
1211,1211,0,-7
1212,1212,0,-11
1213,1213,0,-19
1214,1214,0,29
1215,1215,0,61
1216,1216,0,-2
1217,1217,0,-1
1218,1218,0,-1
1219,1219,0,-1
1220,1220,0,-1
1221,1221,0,-62
1222,1222,0,-59
1223,1223,0,13
1224,1224,0,28
1225,1225,0,57
1226,1226,0,-75
1227,1227,0,45
1228,1228,0,-36
1229,1229,0,-5
1230,1230,0,57
1231,1231,0,-11
1232,1232,0,-21
1233,1233,0,23
1234,1234,0,-15
1235,1235,0,-27
1236,1236,0,-52
1237,1237,0,24
1238,1238,0,50
1239,1239,0,-27
1240,1240,0,-52
1241,1241,0,-38
1242,1242,0,54
1243,1243,0,-17
1244,1244,0,33
1245,1245,0,5
1246,1246,0,12
1247,1247,0,26
1248,1248,0,-9
1249,1249,0,-17
1250,1250,0,-32
1251,1251,0,0
1252,1252,0,2
1253,1253,0,-59
1254,1254,0,11
1255,1255,0,-39
1256,1256,0,52
1257,1257,0,-22
1258,1258,0,23
1259,1259,0,48
1260,1260,0,-32
1261,1261,0,2
1262,1262,0,7
1263,1263,0,-48
1264,1264,0,-29
1265,1265,0,71
1266,1266,0,17
1267,1267,0,-27
1268,1268,0,11
1269,1269,0,-39
1270,1270,0,52
1271,1271,0,-24
1272,1272,0,-46
1273,1273,0,38
1274,1274,0,-50
1275,1275,0,-34
1276,1276,0,60
1277,1277,0,-6
1278,1278,0,-12
1279,1279,0,-20
1280,1280,0,-38
1281,1281,0,53
1282,1282,0,-21
1283,1283,0,87
1284,1284,0,-80
1285,1285,0,-31
1286,1286,0,3
1287,1287,0,7
1288,1288,0,16
1289,1289,0,-29
1290,1290,0,9
1291,1291,0,20
1292,1292,0,42
1293,1293,0,24
1294,1294,0,-15
1295,1295,0,-29
1296,1296,0,8
1297,1297,0,17
1298,1298,0,-92
1299,1299,0,9
1300,1300,0,20
1301,1301,0,-21
1302,1302,0,25
1303,1303,0,-12
1304,1304,0,43
1305,1305,0,22
1306,1306,0,-18
1307,1307,0,-35
1308,1308,0,-6
1309,1309,0,-75
1310,1310,0,45
1311,1311,0,-36
1312,1312,0,-7
1313,1313,0,54
1314,1314,0,45
1315,1315,0,-34
1316,1316,0,-3
1317,1317,0,61
1318,1318,0,-70
1319,1319,0,54
1320,1320,0,-82
1321,1321,0,30
1322,1322,0,-65
1323,1323,0,64
1324,1324,0,3
1325,1325,0,7
1326,1326,0,15
1327,1327,0,-32
1328,1328,0,4
1329,1329,0,-54
1330,1330,0,22
1331,1331,0,46
1332,1332,0,29
1333,1333,0,-70
1334,1334,0,-10
1335,1335,0,-18
1336,1336,0,-34
1337,1337,0,-2
1338,1338,0,63
1339,1339,0,1
1340,1340,0,5
1341,1341,0,12
1342,1342,0,25
1343,1343,0,-13
1344,1344,0,-23
1345,1345,0,-43
1346,1346,0,-21
1347,1347,0,26
1348,1348,0,54
1349,1349,0,-17
1350,1350,0,-33
1351,1351,0,63
1352,1352,0,-63
1353,1353,0,5
1354,1354,0,-53
1355,1355,0,25
1356,1356,0,52
1357,1357,0,-21
1358,1358,0,-42
1359,1359,0,46
1360,1360,0,-33
1361,1361,0,-2
1362,1362,0,-65
1363,1363,0,65
1364,1364,0,5
1365,1365,0,-52
1366,1366,0,89
1367,1367,0,-12
1368,1368,0,-23
1369,1369,0,-45
1370,1370,0,-24
1371,1371,0,20
1372,1372,0,-22
1373,1373,0,23
1374,1374,0,49
1375,1375,0,37
1376,1376,0,-51
1377,1377,0,27
1378,1378,0,-8
1379,1379,0,-13
1380,1380,0,-23
1381,1381,0,-44
1382,1382,0,40
1383,1383,0,17
1384,1384,0,-29
1385,1385,0,-57
1386,1386,0,-47
1387,1387,0,36
1388,1388,0,11
1389,1389,0,24
1390,1390,0,49
1391,1391,0,-28
1392,1392,0,11
1393,1393,0,-41
1394,1394,0,-16
1395,1395,0,34
1396,1396,0,6
1397,1397,0,-51
1398,1398,0,29
1399,1399,0,-6
1400,1400,0,-9
1401,1401,0,-15
1402,1402,0,36
1403,1403,0,-54
1404,1404,0,88
1405,1405,0,-14
1406,1406,0,-26
1407,1407,0,12
1408,1408,0,26
1409,1409,0,-73
1410,1410,0,-16
1411,1411,0,-29
1412,1412,0,71
1413,1413,0,15
1414,1414,0,-30
1415,1415,0,6
1416,1416,0,-49
1417,1417,0,32
1418,1418,0,65
1419,1419,0,-60
1420,1420,0,10
1421,1421,0,-42
1422,1422,0,-20
1423,1423,0,25
1424,1424,0,-12
1425,1425,0,-21
1426,1426,0,-41
1427,1427,0,47
1428,1428,0,33
1429,1429,0,4
1430,1430,0,-55
1431,1431,0,20
1432,1432,0,43
1433,1433,0,-41
1434,1434,0,-16
1435,1435,0,33
1436,1436,0,3
1437,1437,0,-55
1438,1438,0,20
1439,1439,0,-22
1440,1440,0,23
1441,1441,0,48
1442,1442,0,-28
1443,1443,0,9
1444,1444,0,20
1445,1445,0,-22
1446,1446,0,24
1447,1447,0,-77
1448,1448,0,39
1449,1449,0,16
1450,1450,0,34
1451,1451,0,-56
1452,1452,0,-47
1453,1453,0,37
1454,1454,0,10
1455,1455,0,20
1456,1456,0,-84
1457,1457,0,24
1458,1458,0,-78
1459,1459,0,38
1460,1460,0,79
1461,1461,0,-95
1462,1462,0,67
1463,1463,0,7
1464,1464,0,14
1465,1465,0,-34
1466,1466,0,-66
1467,1467,0,-3
1468,1468,0,-4
1469,1469,0,58
1470,1470,0,-11
1471,1471,0,-19
1472,1472,0,28
1473,1473,0,-6
1474,1474,0,-9
1475,1475,0,47
1476,1476,0,-33
1477,1477,0,1
1478,1478,0,5
1479,1479,0,-52
1480,1480,0,25
1481,1481,0,51
1482,1482,0,-24
1483,1483,0,-47
1484,1484,0,-29
1485,1485,0,9
1486,1486,0,21
1487,1487,0,-19
1488,1488,0,29
1489,1489,0,60
1490,1490,0,-8
1491,1491,0,-16
1492,1492,0,-30
1493,1493,0,-58
1494,1494,0,-49
1495,1495,0,32
1496,1496,0,67
1497,1497,0,10
1498,1498,0,21
1499,1499,0,-19
1500,1500,0,30
1501,1501,0,-4
1502,1502,0,-70
1503,1503,0,54
1504,1504,0,-18
1505,1505,0,-97
1506,1506,0,65
1507,1507,0,3
1508,1508,0,9
1509,1509,0,19
1510,1510,0,-23
1511,1511,0,-45
1512,1512,0,38
1513,1513,0,-51
1514,1514,0,29
1515,1515,0,-68
1516,1516,0,-8
1517,1517,0,51
1518,1518,0,41
1519,1519,0,-44
1520,1520,0,-22
1521,1521,0,85
1522,1522,0,-19
1523,1523,0,-35
1524,1524,0,-5
1525,1525,0,-7
1526,1526,0,52
1527,1527,0,-21
1528,1528,0,-41
1529,1529,0,48
1530,1530,0,-30
1531,1531,0,8
1532,1532,0,-45
1533,1533,0,42
1534,1534,0,22
1535,1535,0,45
1536,1536,0,-36
1537,1537,0,-5
1538,1538,0,-72
1539,1539,0,-16
1540,1540,0,34
1541,1541,0,5
1542,1542,0,-52
1543,1543,0,-38
1544,1544,0,53
1545,1545,0,-21
1546,1546,0,25
1547,1547,0,-12
1548,1548,0,-22
1549,1549,0,22
1550,1550,0,48
1551,1551,0,-32
1552,1552,0,4
1553,1553,0,9
1554,1554,0,19
1555,1555,0,-90
1556,1556,0,77
1557,1557,0,-99
1558,1558,0,-5
1559,1559,0,-7
1560,1560,0,52
1561,1561,0,42
1562,1562,0,-42
1563,1563,0,47
1564,1564,0,-32
1565,1565,0,2
1566,1566,0,7
1567,1567,0,15
1568,1568,0,-30
1569,1569,0,7
1570,1570,0,17
1571,1571,0,-27
1572,1572,0,75
1573,1573,0,-42
1574,1574,0,-18
1575,1575,0,-33
1576,1576,0,-63
1577,1577,0,4
1578,1578,0,72
1579,1579,0,17
1580,1580,0,-28
1581,1581,0,-53
1582,1582,0,-39
1583,1583,0,53
1584,1584,0,45
1585,1585,0,27
1586,1586,0,-8
1587,1587,0,-14
1588,1588,0,-26
1589,1589,0,-50
1590,1590,0,31
1591,1591,0,-1
1592,1592,0,2
1593,1593,0,5
1594,1594,0,12
1595,1595,0,-37
1596,1596,0,55
1597,1597,0,-82
1598,1598,0,30
1599,1599,0,-3
1600,1600,0,-67
1601,1601,0,-5
1602,1602,0,58
1603,1603,0,-10
1604,1604,0,48
1605,1605,0,-31
1606,1606,0,70
1607,1607,0,-50
1608,1608,0,29
1609,1609,0,-67
1610,1610,0,61
1611,1611,0,-66
1612,1612,0,-3
1613,1613,0,61
1614,1614,0,-4
1615,1615,0,-6
1616,1616,0,-73
1617,1617,0,49
1618,1618,0,-26
1619,1619,0,14
1620,1620,0,30
1621,1621,0,-1
1622,1622,0,1
1623,1623,0,-59
1624,1624,0,13
1625,1625,0,30
1626,1626,0,-2
1627,1627,0,-2
1628,1628,0,-3
1629,1629,0,-3
1630,1630,0,-70
1631,1631,0,-10
1632,1632,0,-18
1633,1633,0,31
1634,1634,0,-64
1635,1635,0,65
1636,1636,0,3
1637,1637,0,6
1638,1638,0,-51
1639,1639,0,-38
1640,1640,0,-9
1641,1641,0,-16
1642,1642,0,33
1643,1643,0,4
1644,1644,0,76
1645,1645,0,-38
1646,1646,0,-9
1647,1647,0,49
1648,1648,0,38
1649,1649,0,-51
1650,1650,0,28
1651,1651,0,-7
1652,1652,0,-13
1653,1653,0,-90
1654,1654,0,13
1655,1655,0,-35
1656,1656,0,-4
1657,1657,0,-5
1658,1658,0,56
1659,1659,0,52
1660,1660,0,-20
1661,1661,0,25
1662,1662,0,-12
1663,1663,0,42
1664,1664,0,-43
1665,1665,0,-84
1666,1666,0,24
1667,1667,0,-15
1668,1668,0,-29
1669,1669,0,10
1670,1670,0,-43
1671,1671,0,44
1672,1672,0,25
1673,1673,0,54
1674,1674,0,-82
1675,1675,0,30
1676,1676,0,-3
1677,1677,0,60
1678,1678,0,-69
1679,1679,0,-7
1680,1680,0,-13
1681,1681,0,40
1682,1682,0,20
1683,1683,0,-22
1684,1684,0,-43
1685,1685,0,43
1686,1686,0,25
1687,1687,0,-76
1688,1688,0,-22
1689,1689,0,20
1690,1690,0,43
1691,1691,0,-39
1692,1692,0,-12
1693,1693,0,-23
1694,1694,0,86
1695,1695,0,-18
1696,1696,0,-35
1697,1697,0,-3
1698,1698,0,62
1699,1699,0,-67
1700,1700,0,-5
1701,1701,0,56
1702,1702,0,-14
1703,1703,0,-90
1704,1704,0,13
1705,1705,0,27
1706,1706,0,-8
1707,1707,0,-15
1708,1708,0,-27
1709,1709,0,13
1710,1710,0,26
1711,1711,0,-9
1712,1712,0,49
1713,1713,0,-28
1714,1714,0,-54
1715,1715,0,85
1716,1716,0,-20
1717,1717,0,-37
1718,1718,0,-7
1719,1719,0,-10
1720,1720,0,46
1721,1721,0,29
1722,1722,0,-5
1723,1723,0,-10
1724,1724,0,-82
1725,1725,0,-35
1726,1726,0,-4
1727,1727,0,-7
1728,1728,0,52
1729,1729,0,-20
1730,1730,0,27
1731,1731,0,-9
1732,1732,0,48
1733,1733,0,35
1734,1734,0,-54
1735,1735,0,-42
1736,1736,0,45
1737,1737,0,27
1738,1738,0,-9
1739,1739,0,-79
1740,1740,0,-27
1741,1741,0,14
1742,1742,0,30
1743,1743,0,62
1744,1744,0,-2
1745,1745,0,0
1746,1746,0,-62
1747,1747,0,6
1748,1748,0,14
1749,1749,0,30
1750,1750,0,-65
1751,1751,0,1
1752,1752,0,4
1753,1753,0,10
1754,1754,0,21
1755,1755,0,-20
1756,1756,0,-38
1757,1757,0,-11
1758,1758,0,-22
1759,1759,0,22
1760,1760,0,-19
1761,1761,0,-38
1762,1762,0,-12
1763,1763,0,43
1764,1764,0,-39
1765,1765,0,-12
1766,1766,0,42
1767,1767,0,86
1768,1768,0,-17
1769,1769,0,-32
1770,1770,0,3
1771,1771,0,8
1772,1772,0,18
1773,1773,0,-25
1774,1774,0,17
1775,1775,0,-29
1776,1776,0,8
1777,1777,0,18
1778,1778,0,-24
1779,1779,0,-45
1780,1780,0,41
1781,1781,0,19
1782,1782,0,39
1783,1783,0,-48
1784,1784,0,-28
1785,1785,0,-55
1786,1786,0,21
1787,1787,0,45
1788,1788,0,27
1789,1789,0,-72
1790,1790,0,49
1791,1791,0,-27
1792,1792,0,-53
1793,1793,0,23
1794,1794,0,-17
1795,1795,0,31
1796,1796,0,-63
1797,1797,0,4
1798,1798,0,10
1799,1799,0,22
1800,1800,0,47
1801,1801,0,-32
1802,1802,0,2
1803,1803,0,5
1804,1804,0,12
1805,1805,0,-37
1806,1806,0,-8
1807,1807,0,-14
1808,1808,0,37
1809,1809,0,12
1810,1810,0,-37
1811,1811,0,-10
1812,1812,0,-18
1813,1813,0,30
1814,1814,0,0
1815,1815,0,-61
1816,1816,0,70
1817,1817,0,14
1818,1818,0,32
1819,1819,0,-63
1820,1820,0,-62
1821,1821,0,70
1822,1822,0,16
1823,1823,0,-95
1824,1824,0,2
1825,1825,0,70
1826,1826,0,13
1827,1827,0,-99
1828,1828,0,-4
1829,1829,0,58
1830,1830,0,-11
1831,1831,0,43
1832,1832,0,-41
1833,1833,0,-15
1834,1834,0,-29
1835,1835,0,6
1836,1836,0,14
1837,1837,0,30
1838,1838,0,-66
1839,1839,0,-2
1840,1840,0,61
1841,1841,0,-4
1842,1842,0,-5
1843,1843,0,-9
1844,1844,0,-15
1845,1845,0,38
1846,1846,0,12
1847,1847,0,-37
1848,1848,0,56
1849,1849,0,-13
1850,1850,0,-89
1851,1851,0,80
1852,1852,0,-29
1853,1853,0,8
1854,1854,0,-47
1855,1855,0,35
1856,1856,0,8
1857,1857,0,-46
1858,1858,0,-27
1859,1859,0,14
1860,1860,0,30
1861,1861,0,-4
1862,1862,0,-6
1863,1863,0,55
1864,1864,0,-79
1865,1865,0,-27
1866,1866,0,75
1867,1867,0,25
1868,1868,0,-11
1869,1869,0,-20
1870,1870,0,-36
1871,1871,0,57
1872,1872,0,-13
1873,1873,0,-25
1874,1874,0,15
1875,1875,0,-96
1876,1876,0,2
1877,1877,0,5
1878,1878,0,13
1879,1879,0,28
1880,1880,0,-5
1881,1881,0,-8
1882,1882,0,51
1883,1883,0,-23
1884,1884,0,22
1885,1885,0,-19
1886,1886,0,29
1887,1887,0,-5
1888,1888,0,-8
1889,1889,0,-79
1890,1890,0,37
1891,1891,0,-51
1892,1892,0,27
1893,1893,0,-8
1894,1894,0,49
1895,1895,0,-27
1896,1896,0,-51
1897,1897,0,28
1898,1898,0,-5
1899,1899,0,55
1900,1900,0,-17
1901,1901,0,-31
1902,1902,0,4
1903,1903,0,-53
1904,1904,0,23
1905,1905,0,49
1906,1906,0,-28
1907,1907,0,9
1908,1908,0,-42
1909,1909,0,46
1910,1910,0,-33
1911,1911,0,-2
1912,1912,0,60
1913,1913,0,-71
1914,1914,0,-11
1915,1915,0,-84
1916,1916,0,27
1917,1917,0,55
1918,1918,0,49
1919,1919,0,-28
1920,1920,0,9
1921,1921,0,-43
1922,1922,0,43
1923,1923,0,-41
1924,1924,0,-16
1925,1925,0,33
1926,1926,0,-61
1927,1927,0,7
1928,1928,0,16
1929,1929,0,-29
1930,1930,0,8
1931,1931,0,19
1932,1932,0,39
1933,1933,0,16
1934,1934,0,-30
1935,1935,0,8
1936,1936,0,-46
1937,1937,0,37
1938,1938,0,12
1939,1939,0,26
1940,1940,0,-75
1941,1941,0,-21
1942,1942,0,25
1943,1943,0,-12
1944,1944,0,-23
1945,1945,0,19
1946,1946,0,40
1947,1947,0,-47
1948,1948,0,-29
1949,1949,0,7
1950,1950,0,18
1951,1951,0,-27
1952,1952,0,12
1953,1953,0,28
1954,1954,0,58
1955,1955,0,-75
1956,1956,0,43
1957,1957,0,24
1958,1958,0,-77
1959,1959,0,-23
1960,1960,0,21
1961,1961,0,46
1962,1962,0,31
1963,1963,0,-1
1964,1964,0,-1
1965,1965,0,1
1966,1966,0,-60
1967,1967,0,-55
1968,1968,0,19
1969,1969,0,39
1970,1970,0,-48
1971,1971,0,-31
1972,1972,0,4
1973,1973,0,10
1974,1974,0,21
1975,1975,0,-21
1976,1976,0,24
1977,1977,0,-14
1978,1978,0,-25
1979,1979,0,16
1980,1980,0,32
1981,1981,0,2
1982,1982,0,7
1983,1983,0,-48
1984,1984,0,-29
1985,1985,0,72
1986,1986,0,17
1987,1987,0,-29
1988,1988,0,8
1989,1989,0,-47
1990,1990,0,-27
1991,1991,0,13
1992,1992,0,28
1993,1993,0,-7
1994,1994,0,52
1995,1995,0,-21
1996,1996,0,-39
1997,1997,0,-13
1998,1998,0,39
1999,1999,0,18
2000,2000,0,-26
2001,2001,0,-51
2002,2002,0,29
2003,2003,0,60
2004,2004,0,-71
2005,2005,0,-13
2006,2006,0,41
2007,2007,0,-44
2008,2008,0,-23
2009,2009,0,20
2010,2010,0,43
2011,2011,0,-40
2012,2012,0,-13
2013,2013,0,40
2014,2014,0,17
2015,2015,0,-30
2016,2016,0,5
2017,2017,0,-52
2018,2018,0,-40
2019,2019,0,-14
2020,2020,0,37
2021,2021,0,14
2022,2022,0,-33
2023,2023,0,63
2024,2024,0,0
2025,2025,0,67
2026,2026,0,-56
2027,2027,0,-46
2028,2028,0,38
2029,2029,0,15
2030,2030,0,-31
2031,2031,0,5
2032,2032,0,12
2033,2033,0,25
2034,2034,0,-13
2035,2035,0,-23
2036,2036,0,-45
2037,2037,0,-24
2038,2038,0,16
2039,2039,0,34
2040,2040,0,-59
2041,2041,0,11
2042,2042,0,-39
2043,2043,0,51
2044,2044,0,-25
2045,2045,0,14
2046,2046,0,31
2047,2047,0,-64
2048,2048,1,1
2049,2049,0,3
2050,2050,0,73
2051,2051,0,-44
2052,2052,0,-22
2053,2053,0,23
2054,2054,0,48
2055,2055,0,-30
2056,2056,0,5
2057,2057,0,13
2058,2058,0,-36
2059,2059,0,-6
2060,2060,0,-12
2061,2061,0,41
2062,2062,0,-45
2063,2063,0,-23
2064,2064,0,-46
2065,2065,0,36
2066,2066,0,10
2067,2067,0,21
2068,2068,0,-85
2069,2069,0,25
2070,2070,0,52
2071,2071,0,-23
2072,2072,0,21
2073,2073,0,44
2074,2074,0,-37
2075,2075,0,-9
2076,2076,0,48
2077,2077,0,-30
2078,2078,0,8
2079,2079,0,-45
2080,2080,0,40
2081,2081,0,17
2082,2082,0,36
2083,2083,0,-53
2084,2084,0,-38
2085,2085,0,-10
2086,2086,0,46
2087,2087,0,32
2088,2088,0,1
2089,2089,0,-61
2090,2090,0,8
2091,2091,0,19
2092,2092,0,-89
2093,2093,0,17
2094,2094,0,37
2095,2095,0,12
2096,2096,0,-39
2097,2097,0,52
2098,2098,0,-22
2099,2099,0,-41
2100,2100,0,-18
2101,2101,0,28
2102,2102,0,-6
2103,2103,0,-10
2104,2104,0,-81
2105,2105,0,32
2106,2106,0,67
2107,2107,0,10
2108,2108,0,22
2109,2109,0,-16
2110,2110,0,33
2111,2111,0,3
2112,2112,0,-57
2113,2113,0,15
2114,2114,0,-96
2115,2115,0,2
2116,2116,0,5
2117,2117,0,13
2118,2118,0,30
2119,2119,0,-2
2120,2120,0,-3
2121,2121,0,61
2122,2122,0,-3
2123,2123,0,-68
2124,2124,0,-5
2125,2125,0,58
2126,2126,0,-8
2127,2127,0,-14
2128,2128,0,36
2129,2129,0,10
2130,2130,0,-42
2131,2131,0,-83
2132,2132,0,-38
2133,2133,0,53
2134,2134,0,-20
2135,2135,0,-37
2136,2136,0,-8
2137,2137,0,50
2138,2138,0,40
2139,2139,0,19
2140,2140,0,-23
2141,2141,0,21
2142,2142,0,45
2143,2143,0,-37
2144,2144,0,-7
2145,2145,0,-12
2146,2146,0,-21
2147,2147,0,-39
2148,2148,0,52
2149,2149,0,-23
2150,2150,0,21
2151,2151,0,-21
2152,2152,0,-38
2153,2153,0,-10
2154,2154,0,47
2155,2155,0,-32
2156,2156,0,65
2157,2157,0,-60
2158,2158,0,10
2159,2159,0,-42
2160,2160,0,-18
2161,2161,0,31
2162,2162,0,0
2163,2163,0,4
2164,2164,0,9
2165,2165,0,19
2166,2166,0,-24
2167,2167,0,17
2168,2168,0,-92
2169,2169,0,9
2170,2170,0,21
2171,2171,0,-19
2172,2172,0,29
2173,2173,0,-5
2174,2174,0,56
2175,2175,0,-15
2176,2176,0,-27
2177,2177,0,-53
2178,2178,0,25
2179,2179,0,-12
2180,2180,0,42
2181,2181,0,-43
2182,2182,0,44
2183,2183,0,-40
2184,2184,0,-14
2185,2185,0,-28
2186,2186,0,10
2187,2187,0,-43
2188,2188,0,44
2189,2189,0,-39
2190,2190,0,53
2191,2191,0,-18
2192,2192,0,31
2193,2193,0,-1
2194,2194,0,64
2195,2195,0,1
2196,2196,0,-60
2197,2197,0,-54
2198,2198,0,21
2199,2199,0,-21
2200,2200,0,24
2201,2201,0,-13
2202,2202,0,-26
2203,2203,0,16
2204,2204,0,35
2205,2205,0,10
2206,2206,0,-44
2207,2207,0,105
2208,2208,0,-44
2209,2209,0,-24
2210,2210,0,-109
2211,2211,0,40
2212,2212,0,19
2213,2213,0,-24
2214,2214,0,83
2215,2215,0,-24
2216,2216,0,20
2217,2217,0,-21
2218,2218,0,23
2219,2219,0,-18
2220,2220,0,31
2221,2221,0,-65
2222,2222,0,-62
2223,2223,0,7
2224,2224,0,80
2225,2225,0,-31
2226,2226,0,68
2227,2227,0,-53
2228,2228,0,-39
2229,2229,0,-10
2230,2230,0,47
2231,2231,0,32
2232,2232,0,3
2233,2233,0,8
2234,2234,0,-45
2235,2235,0,-23
2236,2236,0,21
2237,2237,0,-19
2238,2238,0,27
2239,2239,0,-7
2240,2240,0,-12
2241,2241,0,-22
2242,2242,0,-42
2243,2243,0,45
2244,2244,0,-36
2245,2245,0,-5
2246,2246,0,-10
2247,2247,0,-19
2248,2248,0,27
2249,2249,0,-7
2250,2250,0,-75
2251,2251,0,43
2252,2252,0,25
2253,2253,0,52
2254,2254,0,-21
2255,2255,0,-40
2256,2256,0,51
2257,2257,0,-25
2258,2258,0,16
2259,2259,0,-30
2260,2260,0,4
2261,2261,0,-55
2262,2262,0,20
2263,2263,0,-22
2264,2264,0,-43
2265,2265,0,44
2266,2266,0,27
2267,2267,0,-7
2268,2268,0,-12
2269,2269,0,40
2270,2270,0,16
2271,2271,0,-30
2272,2272,0,-57
2273,2273,0,-48
2274,2274,0,33
2275,2275,0,68
2276,2276,0,9
2277,2277,0,-42
2278,2278,0,-19
2279,2279,0,27
2280,2280,0,-10
2281,2281,0,47
2282,2282,0,-98
2283,2283,0,-2
2284,2284,0,-3
2285,2285,0,61
2286,2286,0,-69
2287,2287,0,55
2288,2288,0,-15
2289,2289,0,35
2290,2290,0,-55
2291,2291,0,19
2292,2292,0,39
2293,2293,0,-48
2294,2294,0,35
2295,2295,0,-57
2296,2296,0,17
2297,2297,0,37
2298,2298,0,13
2299,2299,0,-36
2300,2300,0,59
2301,2301,0,-8
2302,2302,0,-14
2303,2303,0,-25
2304,2304,0,16
2305,2305,0,-28
2306,2306,0,10
2307,2307,0,21
2308,2308,0,-19
2309,2309,0,28
2310,2310,0,-70
2311,2311,0,-10
2312,2312,0,47
2313,2313,0,-33
2314,2314,0,-2
2315,2315,0,0
2316,2316,0,2
2317,2317,0,-58
2318,2318,0,14
2319,2319,0,94
2320,2320,0,-66
2321,2321,0,-3
2322,2322,0,-3
2323,2323,0,-6
2324,2324,0,-9
2325,2325,0,-16
2326,2326,0,33
2327,2327,0,-60
2328,2328,0,75
2329,2329,0,-41
2330,2330,0,-17
2331,2331,0,33
2332,2332,0,4
2333,2333,0,-54
2334,2334,0,21
2335,2335,0,45
2336,2336,0,-35
2337,2337,0,-3
2338,2338,0,-3
2339,2339,0,60
2340,2340,0,-7
2341,2341,0,-11
2342,2342,0,-19
2343,2343,0,-36
2344,2344,0,-8
2345,2345,0,49
2346,2346,0,-28
2347,2347,0,-56
2348,2348,0,-45
2349,2349,0,39
2350,2350,0,16
2351,2351,0,-31
2352,2352,0,68
2353,2353,0,-54
2354,2354,0,23
2355,2355,0,-17
2356,2356,0,33
2357,2357,0,4
2358,2358,0,8
2359,2359,0,-47
2360,2360,0,35
2361,2361,0,-54
2362,2362,0,-42
2363,2363,0,46
2364,2364,0,31
2365,2365,0,65
2366,2366,0,-58
2367,2367,0,14
2368,2368,0,29
2369,2369,0,-2
2370,2370,0,-2
2371,2371,0,-65
2372,2372,0,0
2373,2373,0,66
2374,2374,0,-59
2375,2375,0,13
2376,2376,0,-36
2377,2377,0,-6
2378,2378,0,-11
2379,2379,0,45
2380,2380,0,-36
2381,2381,0,-6
2382,2382,0,-9
2383,2383,0,48
2384,2384,0,-30
2385,2385,0,8
2386,2386,0,18
2387,2387,0,-26
2388,2388,0,15
2389,2389,0,33
2390,2390,0,-58
2391,2391,0,13
2392,2392,0,30
2393,2393,0,-1
2394,2394,0,-1
2395,2395,0,-65
2396,2396,0,63
2397,2397,0,-65
2398,2398,0,-63
2399,2399,0,3
2400,2400,0,7
2401,2401,0,16
2402,2402,0,36
2403,2403,0,-53
2404,2404,0,24
2405,2405,0,52
2406,2406,0,43
2407,2407,0,-38
2408,2408,0,-12
2409,2409,0,40
2410,2410,0,-46
2411,2411,0,-26
2412,2412,0,-114
2413,2413,0,31
2414,2414,0,64
2415,2415,0,1
2416,2416,0,4
2417,2417,0,9
2418,2418,0,-42
2419,2419,0,-17
2420,2420,0,33
2421,2421,0,3
2422,2422,0,72
2423,2423,0,-45
2424,2424,0,-23
2425,2425,0,-45
2426,2426,0,40
2427,2427,0,19
2428,2428,0,-25
2429,2429,0,-48
2430,2430,0,33
2431,2431,0,4
2432,2432,0,-53
2433,2433,0,23
2434,2434,0,-15
2435,2435,0,37
2436,2436,0,11
2437,2437,0,-40
2438,2438,0,51
2439,2439,0,-26
2440,2440,0,-48
2441,2441,0,33
2442,2442,0,4
2443,2443,0,-53
2444,2444,0,87
2445,2445,0,-79
2446,2446,0,34
2447,2447,0,6
2448,2448,0,-50
2449,2449,0,30
2450,2450,0,-65
2451,2451,0,64
2452,2452,0,0
2453,2453,0,1
2454,2454,0,4
2455,2455,0,-54
2456,2456,0,-42
2457,2457,0,46
2458,2458,0,31
2459,2459,0,-2
2460,2460,0,0
2461,2461,0,2
2462,2462,0,7
2463,2463,0,-48
2464,2464,0,99
2465,2465,0,-55
2466,2466,0,19
2467,2467,0,-25
2468,2468,0,14
2469,2469,0,-34
2470,2470,0,-67
2471,2471,0,-5
2472,2472,0,-8
2473,2473,0,51
2474,2474,0,-23
2475,2475,0,19
2476,2476,0,38
2477,2477,0,15
2478,2478,0,-31
2479,2479,0,-61
2480,2480,0,8
2481,2481,0,82
2482,2482,0,-27
2483,2483,0,-53
2484,2484,0,24
2485,2485,0,-13
2486,2486,0,-24
2487,2487,0,19
2488,2488,0,40
2489,2489,0,17
2490,2490,0,-26
2491,2491,0,14
2492,2492,0,-33
2493,2493,0,0
2494,2494,0,67
2495,2495,0,-56
2496,2496,0,18
2497,2497,0,-26
2498,2498,0,15
2499,2499,0,-33
2500,2500,0,0
2501,2501,0,3
2502,2502,0,8
2503,2503,0,-45
2504,2504,0,40
2505,2505,0,18
2506,2506,0,-27
2507,2507,0,13
2508,2508,0,-37
2509,2509,0,-7
2510,2510,0,-12
2511,2511,0,42
2512,2512,0,-42
2513,2513,0,44
2514,2514,0,-38
2515,2515,0,-11
2516,2516,0,-22
2517,2517,0,-41
2518,2518,0,47
2519,2519,0,-32
2520,2520,0,1
2521,2521,0,67
2522,2522,0,-57
2523,2523,0,16
2524,2524,0,-31
2525,2525,0,4
2526,2526,0,9
2527,2527,0,21
2528,2528,0,-20
2529,2529,0,25
2530,2530,0,-13
2531,2531,0,41
2532,2532,0,-43
2533,2533,0,-22
2534,2534,0,22
2535,2535,0,47
2536,2536,0,-33
2537,2537,0,-64
2538,2538,0,65
2539,2539,0,5
2540,2540,0,-51
2541,2541,0,26
2542,2542,0,-11
2543,2543,0,44
2544,2544,0,-37
2545,2545,0,-73
2546,2546,0,48
2547,2547,0,35
2548,2548,0,10
2549,2549,0,-40
2550,2550,0,49
2551,2551,0,38
2552,2552,0,14
2553,2553,0,-36
2554,2554,0,-70
2555,2555,0,54
2556,2556,0,-83
2557,2557,0,-34
2558,2558,0,64
2559,2559,0,3
2560,2560,0,8
2561,2561,0,80
2562,2562,0,-28
2563,2563,0,-55
2564,2564,0,-45
2565,2565,0,-25
2566,2566,0,80
2567,2567,0,-94
2568,2568,0,5
2569,2569,0,12
2570,2570,0,27
2571,2571,0,-6
2572,2572,0,-10
2573,2573,0,46
2574,2574,0,29
2575,2575,0,-5
2576,2576,0,-72
2577,2577,0,-15
2578,2578,0,-28
2579,2579,0,9
2580,2580,0,19
2581,2581,0,-24
2582,2582,0,19
2583,2583,0,-25
2584,2584,0,15
2585,2585,0,30
2586,2586,0,-1
2587,2587,0,-64
2588,2588,0,3
2589,2589,0,7
2590,2590,0,82
2591,2591,0,-27
2592,2592,0,12
2593,2593,0,-38
2594,2594,0,56
2595,2595,0,-79
2596,2596,0,37
2597,2597,0,11
2598,2598,0,23
2599,2599,0,-80
2600,2600,0,33
2601,2601,0,-58
2602,2602,0,14
2603,2603,0,32
2604,2604,0,1
2605,2605,0,70
2606,2606,0,-50
2607,2607,0,29
2608,2608,0,-68
2609,2609,0,59
2610,2610,0,-74
2611,2611,0,-18
2612,2612,0,31
2613,2613,0,-2
2614,2614,0,-67
2615,2615,0,58
2616,2616,0,-9
2617,2617,0,-80
2618,2618,0,36
2619,2619,0,11
2620,2620,0,89
2621,2621,0,-14
2622,2622,0,39
2623,2623,0,-48
2624,2624,0,-30
2625,2625,0,-56
2626,2626,0,81
2627,2627,0,-28
2628,2628,0,9
2629,2629,0,19
2630,2630,0,-88
2631,2631,0,19
2632,2632,0,-24
2633,2633,0,18
2634,2634,0,37
2635,2635,0,13
2636,2636,0,-35
2637,2637,0,-5
2638,2638,0,-10
2639,2639,0,47
2640,2640,0,-33
2641,2641,0,-65
2642,2642,0,0
2643,2643,0,66
2644,2644,0,-58
2645,2645,0,14
2646,2646,0,31
2647,2647,0,-1
2648,2648,0,1
2649,2649,0,5
2650,2650,0,10
2651,2651,0,-40
2652,2652,0,51
2653,2653,0,-24
2654,2654,0,-47
2655,2655,0,99
2656,2656,0,-56
2657,2657,0,-45
2658,2658,0,-23
2659,2659,0,20
2660,2660,0,43
2661,2661,0,25
2662,2662,0,-12
2663,2663,0,-24
2664,2664,0,20
2665,2665,0,-20
2666,2666,0,-37
2667,2667,0,-8
2668,2668,0,114
2669,2669,0,-26
2670,2670,0,-49
2671,2671,0,-31
2672,2672,0,4
2673,2673,0,9
2674,2674,0,22
2675,2675,0,-18
2676,2676,0,-33
2677,2677,0,0
2678,2678,0,65
2679,2679,0,-59
2680,2680,0,13
2681,2681,0,-36
2682,2682,0,-7
2683,2683,0,52
2684,2684,0,-23
2685,2685,0,-45
2686,2686,0,-24
2687,2687,0,19
2688,2688,0,-24
2689,2689,0,19
2690,2690,0,42
2691,2691,0,22
2692,2692,0,-20
2693,2693,0,26
2694,2694,0,-10
2695,2695,0,-83
2696,2696,0,-37
2697,2697,0,55
2698,2698,0,-17
2699,2699,0,-31
2700,2700,0,4
2701,2701,0,11
2702,2702,0,23
2703,2703,0,48
2704,2704,0,-29
2705,2705,0,8
2706,2706,0,-45
2707,2707,0,40
2708,2708,0,17
2709,2709,0,-26
2710,2710,0,13
2711,2711,0,-35
2712,2712,0,-4
2713,2713,0,56
2714,2714,0,-79
2715,2715,0,35
2716,2716,0,-56
2717,2717,0,-46
2718,2718,0,39
2719,2719,0,17
2720,2720,0,38
2721,2721,0,14
2722,2722,0,28
2723,2723,0,-5
2724,2724,0,-8
2725,2725,0,-80
2726,2726,0,-31
2727,2727,0,68
2728,2728,0,-52
2729,2729,0,-37
2730,2730,0,57
2731,2731,0,54
2732,2732,0,45
2733,2733,0,-37
2734,2734,0,-8
2735,2735,0,-14
2736,2736,0,-92
2737,2737,0,9
2738,2738,0,20
2739,2739,0,-20
2740,2740,0,-40
2741,2741,0,49
2742,2742,0,36
2743,2743,0,11
2744,2744,0,-103
2745,2745,0,52
2746,2746,0,41
2747,2747,0,20
2748,2748,0,-21
2749,2749,0,-41
2750,2750,0,-16
2751,2751,0,32
2752,2752,0,1
2753,2753,0,-61
2754,2754,0,8
2755,2755,0,-46
2756,2756,0,38
2757,2757,0,14
2758,2758,0,29
2759,2759,0,-4
2760,2760,0,-6
2761,2761,0,-9
2762,2762,0,-16
2763,2763,0,33
2764,2764,0,4
2765,2765,0,12
2766,2766,0,-39
2767,2767,0,-11
2768,2768,0,44
2769,2769,0,27
2770,2770,0,-74
2771,2771,0,47
2772,2772,0,-31
2773,2773,0,4
2774,2774,0,-55
2775,2775,0,83
2776,2776,0,-24
2777,2777,0,-46
2778,2778,0,-25
2779,2779,0,17
2780,2780,0,37
2781,2781,0,12
2782,2782,0,26
2783,2783,0,-9
2784,2784,0,-16
2785,2785,0,-32
2786,2786,0,4
2787,2787,0,10
2788,2788,0,-43
2789,2789,0,-20
2790,2790,0,89
2791,2791,0,-76
2792,2792,0,-22
2793,2793,0,20
2794,2794,0,-23
2795,2795,0,22
2796,2796,0,-17
2797,2797,0,-32
2798,2798,0,65
2799,2799,0,68
2800,2800,0,-53
2801,2801,0,-39
2802,2802,0,-12
2803,2803,0,41
2804,2804,0,20
2805,2805,0,-23
2806,2806,0,-44
2807,2807,0,-21
2808,2808,0,23
2809,2809,0,-17
2810,2810,0,31
2811,2811,0,0
2812,2812,0,-60
2813,2813,0,10
2814,2814,0,22
2815,2815,0,47
2816,2816,0,32
2817,2817,0,-62
2818,2818,0,5
2819,2819,0,11
2820,2820,0,-39
2821,2821,0,-11
2822,2822,0,-19
2823,2823,0,26
2824,2824,0,56
2825,2825,0,-13
2826,2826,0,-22
2827,2827,0,-43
2828,2828,0,108
2829,2829,0,-37
2830,2830,0,-9
2831,2831,0,-80
2832,2832,0,34
2833,2833,0,5
2834,2834,0,-51
2835,2835,0,26
2836,2836,0,-8
2837,2837,0,-14
2838,2838,0,38
2839,2839,0,-49
2840,2840,0,95
2841,2841,0,-63
2842,2842,0,3
2843,2843,0,8
2844,2844,0,-47
2845,2845,0,37
2846,2846,0,-51
2847,2847,0,27
2848,2848,0,-7
2849,2849,0,50
2850,2850,0,-27
2851,2851,0,-51
2852,2852,0,27
2853,2853,0,-70
2854,2854,0,53
2855,2855,0,42
2856,2856,0,-43
2857,2857,0,44
2858,2858,0,-102
2859,2859,0,-11
2860,2860,0,43
2861,2861,0,23
2862,2862,0,-17
2863,2863,0,-30
2864,2864,0,7
2865,2865,0,16
2866,2866,0,34
2867,2867,0,71
2868,2868,0,-48
2869,2869,0,-31
2870,2870,0,4
2871,2871,0,11
2872,2872,0,-39
2873,2873,0,-11
2874,2874,0,45
2875,2875,0,29
2876,2876,0,-5
2877,2877,0,-8
2878,2878,0,-12
2879,2879,0,-23
2880,2880,0,-44
2881,2881,0,41
2882,2882,0,21
2883,2883,0,-83
2884,2884,0,29
2885,2885,0,-3
2886,2886,0,61
2887,2887,0,-3
2888,2888,0,-4
2889,2889,0,-5
2890,2890,0,-9
2891,2891,0,-15
2892,2892,0,-30
2893,2893,0,6
2894,2894,0,-50
2895,2895,0,29
2896,2896,0,-69
2897,2897,0,58
2898,2898,0,-11
2899,2899,0,-18
2900,2900,0,30
2901,2901,0,62
2902,2902,0,-66
2903,2903,0,60
2904,2904,0,-70
2905,2905,0,-10
2906,2906,0,-18
2907,2907,0,-32
2908,2908,0,66
2909,2909,0,7
2910,2910,0,15
2911,2911,0,31
2912,2912,0,-64
2913,2913,0,2
2914,2914,0,-59
2915,2915,0,12
2916,2916,0,27
2917,2917,0,-7
2918,2918,0,-13
2919,2919,0,40
2920,2920,0,19
2921,2921,0,-24
2922,2922,0,-45
2923,2923,0,40
2924,2924,0,20
2925,2925,0,-22
2926,2926,0,22
2927,2927,0,-17
2928,2928,0,32
2929,2929,0,-62
2930,2930,0,7
2931,2931,0,16
2932,2932,0,-31
2933,2933,0,4
2934,2934,0,8
2935,2935,0,-46
2936,2936,0,-25
2937,2937,0,15
2938,2938,0,-34
2939,2939,0,61
2940,2940,0,-6
2941,2941,0,-75
2942,2942,0,-19
2943,2943,0,30
2944,2944,0,-3
2945,2945,0,59
2946,2946,0,58
2947,2947,0,-10
2948,2948,0,-81
2949,2949,0,33
2950,2950,0,68
2951,2951,0,-54
2952,2952,0,22
2953,2953,0,-18
2954,2954,0,-36
2955,2955,0,-6
2956,2956,0,-10
2957,2957,0,-20
2958,2958,0,-37
2959,2959,0,55
2960,2960,0,-17
2961,2961,0,-32
2962,2962,0,65
2963,2963,0,-60
2964,2964,0,10
2965,2965,0,22
2966,2966,0,-19
2967,2967,0,28
2968,2968,0,-7
2969,2969,0,-12
2970,2970,0,-23
2971,2971,0,19
2972,2972,0,-23
2973,2973,0,20
2974,2974,0,-23
2975,2975,0,21
2976,2976,0,44
2977,2977,0,-37
2978,2978,0,-7
2979,2979,0,53
2980,2980,0,-19
2981,2981,0,29
2982,2982,0,-4
2983,2983,0,-4
2984,2984,0,-5
2985,2985,0,-9
2986,2986,0,-15
2987,2987,0,35
2988,2988,0,-58
2989,2989,0,-50
2990,2990,0,30
2991,2991,0,-65
2992,2992,0,1
2993,2993,0,68
2994,2994,0,10
2995,2995,0,22
2996,2996,0,-17
2997,2997,0,-30
2998,2998,0,7
2999,2999,0,16
3000,3000,0,34
3001,3001,0,7
3002,3002,0,-49
3003,3003,0,-31
3004,3004,0,2
3005,3005,0,6
3006,3006,0,-48
3007,3007,0,32
3008,3008,0,-63
3009,3009,0,67
3010,3010,0,8
3011,3011,0,-109
3012,3012,0,40
3013,3013,0,18
3014,3014,0,37
3015,3015,0,13
3016,3016,0,-36
3017,3017,0,-5
3018,3018,0,-7
3019,3019,0,52
3020,3020,0,-21
3021,3021,0,25
3022,3022,0,-11
3023,3023,0,-19
3024,3024,0,27
3025,3025,0,-8
3026,3026,0,-12
3027,3027,0,-24
3028,3028,0,-47
3029,3029,0,37
3030,3030,0,11
3031,3031,0,-102
3032,3032,0,54
3033,3033,0,44
3034,3034,0,-37
3035,3035,0,56
3036,3036,0,-77
3037,3037,0,-24
3038,3038,0,82
3039,3039,0,-25
3040,3040,0,17
3041,3041,0,-28
3042,3042,0,9
3043,3043,0,21
3044,3044,0,-20
3045,3045,0,-37
3046,3046,0,-9
3047,3047,0,48
3048,3048,0,-30
3049,3049,0,7
3050,3050,0,-49
3051,3051,0,32
3052,3052,0,0
3053,3053,0,1
3054,3054,0,-60
3055,3055,0,9
3056,3056,0,-43
3057,3057,0,43
3058,3058,0,24
3059,3059,0,-12
3060,3060,0,41
3061,3061,0,-43
3062,3062,0,43
3063,3063,0,25
3064,3064,0,-78
3065,3065,0,39
3066,3066,0,-46
3067,3067,0,39
3068,3068,0,-47
3069,3069,0,101
3070,3070,0,13
3071,3071,0,-35
3072,3072,0,-3
3073,3073,0,-5
3074,3074,0,-8
3075,3075,0,-16
3076,3076,0,-32
3077,3077,0,-62
3078,3078,0,6
3079,3079,0,-49
3080,3080,0,33
3081,3081,0,68
3082,3082,0,10
3083,3083,0,23
3084,3084,0,-16
3085,3085,0,-30
3086,3086,0,6
3087,3087,0,14
3088,3088,0,-35
3089,3089,0,-3
3090,3090,0,-4
3091,3091,0,-5
3092,3092,0,-9
3093,3093,0,49
3094,3094,0,-29
3095,3095,0,9
3096,3096,0,-45
3097,3097,0,42
3098,3098,0,-44
3099,3099,0,43
3100,3100,0,-40
3101,3101,0,50
3102,3102,0,-90
3103,3103,0,79
3104,3104,0,-32
3105,3105,0,2
3106,3106,0,8
3107,3107,0,18
3108,3108,0,-26
3109,3109,0,14
3110,3110,0,31
3111,3111,0,-63
3112,3112,0,4
3113,3113,0,11
3114,3114,0,24
3115,3115,0,-14
3116,3116,0,-25
3117,3117,0,16
3118,3118,0,-31
3119,3119,0,5
3120,3120,0,14
3121,3121,0,-32
3122,3122,0,4
3123,3123,0,75
3124,3124,0,24
3125,3125,0,-14
3126,3126,0,-25
3127,3127,0,-48
3128,3128,0,-31
3129,3129,0,3
3130,3130,0,7
3131,3131,0,-46
3132,3132,0,-27
3133,3133,0,12
3134,3134,0,28
3135,3135,0,58
3136,3136,0,-76
3137,3137,0,40
3138,3138,0,17
3139,3139,0,-91
3140,3140,0,-52
3141,3141,0,27
3142,3142,0,56
3143,3143,0,49
3144,3144,0,-27
3145,3145,0,13
3146,3146,0,-37
3147,3147,0,-7
3148,3148,0,51
3149,3149,0,-23
3150,3150,0,-43
3151,3151,0,43
3152,3152,0,-40
3153,3153,0,50
3154,3154,0,-25
3155,3155,0,-46
3156,3156,0,38
3157,3157,0,16
3158,3158,0,33
3159,3159,0,5
3160,3160,0,-51
3161,3161,0,29
3162,3162,0,-68
3163,3163,0,57
3164,3164,0,-12
3165,3165,0,-21
3166,3166,0,-38
3167,3167,0,-11
3168,3168,0,42
3169,3169,0,23
3170,3170,0,-17
3171,3171,0,-95
3172,3172,0,4
3173,3173,0,76
3174,3174,0,-38
3175,3175,0,55
3176,3176,0,-15
3177,3177,0,38
3178,3178,0,-51
3179,3179,0,26
3180,3180,0,-10
3181,3181,0,-18
3182,3182,0,-98
3183,3183,0,-2
3184,3184,0,62
3185,3185,0,-1
3186,3186,0,0
3187,3187,0,1
3188,3188,0,5
3189,3189,0,12
3190,3190,0,-39
3191,3191,0,-11
3192,3192,0,43
3193,3193,0,-41
3194,3194,0,-17
3195,3195,0,34
3196,3196,0,-58
3197,3197,0,14
3198,3198,0,29
3199,3199,0,62
3200,3200,0,-65
3201,3201,0,-2
3202,3202,0,-3
3203,3203,0,60
3204,3204,0,-70
3205,3205,0,-74
3206,3206,0,44
3207,3207,0,26
3208,3208,0,-11
3209,3209,0,-20
3210,3210,0,-38
3211,3211,0,54
3212,3212,0,-17
3213,3213,0,32
3214,3214,0,1
3215,3215,0,4
3216,3216,0,11
3217,3217,0,-40
3218,3218,0,-14
3219,3219,0,37
3220,3220,0,13
3221,3221,0,-37
3222,3222,0,-9
3223,3223,0,-16
3224,3224,0,34
3225,3225,0,-57
3226,3226,0,14
3227,3227,0,30
3228,3228,0,-2
3229,3229,0,-2
3230,3230,0,-68
3231,3231,0,58
3232,3232,0,-9
3233,3233,0,-17
3234,3234,0,-31
3235,3235,0,67
3236,3236,0,8
3237,3237,0,-46
3238,3238,0,39
3239,3239,0,-47
3240,3240,0,36
3241,3241,0,11
3242,3242,0,26
3243,3243,0,-11
3244,3244,0,-19
3245,3245,0,29
3246,3246,0,-2
3247,3247,0,-67
3248,3248,0,62
3249,3249,0,-2
3250,3250,0,-2
3251,3251,0,-67
3252,3252,0,60
3253,3253,0,-71
3254,3254,0,-11
3255,3255,0,-20
3256,3256,0,25
3257,3257,0,-11
3258,3258,0,43
3259,3259,0,-41
3260,3260,0,-16
3261,3261,0,33
3262,3262,0,-59
3263,3263,0,12
3264,3264,0,27
3265,3265,0,-7
3266,3266,0,53
3267,3267,0,-21
3268,3268,0,25
3269,3269,0,-12
3270,3270,0,-21
3271,3271,0,-40
3272,3272,0,50
3273,3273,0,-24
3274,3274,0,18
3275,3275,0,-26
3276,3276,0,14
3277,3277,0,31
3278,3278,0,-66
3279,3279,0,0
3280,3280,0,1
3281,3281,0,2
3282,3282,0,-58
3283,3283,0,80
3284,3284,0,-95
3285,3285,0,4
3286,3286,0,76
3287,3287,0,27
3288,3288,0,-73
3289,3289,0,49
3290,3290,0,37
3291,3291,0,-50
3292,3292,0,-35
3293,3293,0,60
3294,3294,0,-7
3295,3295,0,-11
3296,3296,0,-84
3297,3297,0,25
3298,3298,0,-12
3299,3299,0,42
3300,3300,0,-43
3301,3301,0,-19
3302,3302,0,29
3303,3303,0,-5
3304,3304,0,-7
3305,3305,0,53
3306,3306,0,-20
3307,3307,0,-38
3308,3308,0,54
3309,3309,0,-16
3310,3310,0,-29
3311,3311,0,8
3312,3312,0,18
3313,3313,0,38
3314,3314,0,-51
3315,3315,0,-35
3316,3316,0,-3
3317,3317,0,-4
3318,3318,0,-8
3319,3319,0,50
3320,3320,0,-25
3321,3321,0,-48
3322,3322,0,-28
3323,3323,0,75
3324,3324,0,25
3325,3325,0,-12
3326,3326,0,40
3327,3327,0,-46
3328,3328,0,-26
3329,3329,0,-51
3330,3330,0,-35
3331,3331,0,59
3332,3332,0,-7
3333,3333,0,-10
3334,3334,0,45
3335,3335,0,-36
3336,3336,0,58
3337,3337,0,-8
3338,3338,0,-77
3339,3339,0,39
3340,3340,0,15
3341,3341,0,31
3342,3342,0,-63
3343,3343,0,-61
3344,3344,0,9
3345,3345,0,20
3346,3346,0,44
3347,3347,0,-39
3348,3348,0,52
3349,3349,0,-22
3350,3350,0,22
3351,3351,0,-81
3352,3352,0,33
3353,3353,0,4
3354,3354,0,11
3355,3355,0,26
3356,3356,0,-10
3357,3357,0,-18
3358,3358,0,30
3359,3359,0,-2
3360,3360,0,-67
3361,3361,0,-5
3362,3362,0,-7
3363,3363,0,-13
3364,3364,0,-25
3365,3365,0,18
3366,3366,0,36
3367,3367,0,-56
3368,3368,0,18
3369,3369,0,37
3370,3370,0,-116
3371,3371,0,27
3372,3372,0,56
3373,3373,0,-14
3374,3374,0,38
3375,3375,0,13
3376,3376,0,-35
3377,3377,0,-3
3378,3378,0,-3
3379,3379,0,-4
3380,3380,0,56
3381,3381,0,-16
3382,3382,0,-29
3383,3383,0,-57
3384,3384,0,-49
3385,3385,0,32
3386,3386,0,66
3387,3387,0,-58
3388,3388,0,14
3389,3389,0,28
3390,3390,0,-6
3391,3391,0,-9
3392,3392,0,-16
3393,3393,0,-32
3394,3394,0,65
3395,3395,0,6
3396,3396,0,-49
3397,3397,0,-32
3398,3398,0,65
3399,3399,0,70
3400,3400,0,-49
3401,3401,0,-32
3402,3402,0,2
3403,3403,0,69
3404,3404,0,-52
3405,3405,0,-37
3406,3406,0,-8
3407,3407,0,-13
3408,3408,0,40
3409,3409,0,19
3410,3410,0,-24
3411,3411,0,20
3412,3412,0,-22
3413,3413,0,21
3414,3414,0,-20
3415,3415,0,25
3416,3416,0,-77
3417,3417,0,-23
3418,3418,0,18
3419,3419,0,-26
3420,3420,0,13
3421,3421,0,29
3422,3422,0,-68
3423,3423,0,57
3424,3424,0,-11
3425,3425,0,44
3426,3426,0,-37
3427,3427,0,-8
3428,3428,0,49
3429,3429,0,-28
3430,3430,0,11
3431,3431,0,-40
3432,3432,0,-15
3433,3433,0,35
3434,3434,0,7
3435,3435,0,-49
3436,3436,0,-31
3437,3437,0,3
3438,3438,0,8
3439,3439,0,18
3440,3440,0,38
3441,3441,0,-51
3442,3442,0,30
3443,3443,0,-1
3444,3444,0,-1
3445,3445,0,-1
3446,3446,0,64
3447,3447,0,-61
3448,3448,0,-57
3449,3449,0,16
3450,3450,0,33
3451,3451,0,5
3452,3452,0,-51
3453,3453,0,28
3454,3454,0,-7
3455,3455,0,53
3456,3456,0,-21
3457,3457,0,-40
3458,3458,0,-12
3459,3459,0,41
3460,3460,0,-44
3461,3461,0,42
3462,3462,0,23
3463,3463,0,-80
3464,3464,0,33
3465,3465,0,3
3466,3466,0,9
3467,3467,0,-43
3468,3468,0,-20
3469,3469,0,24
3470,3470,0,51
3471,3471,0,-25
3472,3472,0,-48
3473,3473,0,-30
3474,3474,0,69
3475,3475,0,-52
3476,3476,0,28
3477,3477,0,-6
3478,3478,0,-11
3479,3479,0,44
3480,3480,0,27
3481,3481,0,-74
3482,3482,0,-17
3483,3483,0,32
3484,3484,0,2
3485,3485,0,-58
3486,3486,0,78
3487,3487,0,-34
3488,3488,0,-4
3489,3489,0,-7
3490,3490,0,-13
3491,3491,0,-24
3492,3492,0,-47
3493,3493,0,36
3494,3494,0,11
3495,3495,0,25
3496,3496,0,-13
3497,3497,0,40
3498,3498,0,17
3499,3499,0,-28
3500,3500,0,-55
3501,3501,0,19
3502,3502,0,-25
3503,3503,0,16
3504,3504,0,-29
3505,3505,0,9
3506,3506,0,22
3507,3507,0,46
3508,3508,0,30
3509,3509,0,-2
3510,3510,0,-3
3511,3511,0,-68
3512,3512,0,-4
3513,3513,0,-6
3514,3514,0,-12
3515,3515,0,42
3516,3516,0,21
3517,3517,0,-84
3518,3518,0,-39
3519,3519,0,53
3520,3520,0,-18
3521,3521,0,29
3522,3522,0,-5
3523,3523,0,56
3524,3524,0,-12
3525,3525,0,-86
3526,3526,0,22
3527,3527,0,46
3528,3528,0,29
3529,3529,0,-69
3530,3530,0,-6
3531,3531,0,-12
3532,3532,0,-22
3533,3533,0,21
3534,3534,0,44
3535,3535,0,-102
3536,3536,0,53
3537,3537,0,-20
3538,3538,0,27
3539,3539,0,-7
3540,3540,0,-12
3541,3541,0,41
3542,3542,0,20
3543,3543,0,-21
3544,3544,0,-40
3545,3545,0,-14
3546,3546,0,38
3547,3547,0,14
3548,3548,0,-35
3549,3549,0,-3
3550,3550,0,-3
3551,3551,0,-5
3552,3552,0,-9
3553,3553,0,46
3554,3554,0,-35
3555,3555,0,-68
3556,3556,0,-6
3557,3557,0,-10
3558,3558,0,47
3559,3559,0,31
3560,3560,0,1
3561,3561,0,3
3562,3562,0,9
3563,3563,0,-44
3564,3564,0,42
3565,3565,0,-42
3566,3566,0,44
3567,3567,0,-38
3568,3568,0,-11
3569,3569,0,-21
3570,3570,0,-41
3571,3571,0,47
3572,3572,0,-30
3573,3573,0,6
3574,3574,0,13
3575,3575,0,30
3576,3576,0,63
3577,3577,0,-65
3578,3578,0,-1
3579,3579,0,65
3580,3580,0,-61
3581,3581,0,-55
3582,3582,0,21
3583,3583,0,45
3584,3584,0,-37
3585,3585,0,55
3586,3586,0,-16
3587,3587,0,-30
3588,3588,0,-58
3589,3589,0,14
3590,3590,0,30
3591,3591,0,-2
3592,3592,0,-2
3593,3593,0,-2
3594,3594,0,-3
3595,3595,0,-3
3596,3596,0,-6
3597,3597,0,-10
3598,3598,0,-19
3599,3599,0,28
3600,3600,0,-70
3601,3601,0,54
3602,3602,0,-20
3603,3603,0,28
3604,3604,0,-5
3605,3605,0,-8
3606,3606,0,-14
3607,3607,0,103
3608,3608,0,-48
3609,3609,0,-29
3610,3610,0,8
3611,3611,0,17
3612,3612,0,-28
3613,3613,0,9
3614,3614,0,-44
3615,3615,0,-23
3616,3616,0,19
3617,3617,0,-23
3618,3618,0,19
3619,3619,0,-25
3620,3620,0,16
3621,3621,0,34
3622,3622,0,-60
3623,3623,0,10
3624,3624,0,22
3625,3625,0,-18
3626,3626,0,-34
3627,3627,0,63
3628,3628,0,1
3629,3629,0,4
3630,3630,0,9
3631,3631,0,20
3632,3632,0,-22
3633,3633,0,-43
3634,3634,0,-19
3635,3635,0,26
3636,3636,0,-9
3637,3637,0,-18
3638,3638,0,29
3639,3639,0,-69
3640,3640,0,56
3641,3641,0,-78
3642,3642,0,38
3643,3643,0,15
3644,3644,0,33
3645,3645,0,2
3646,3646,0,6
3647,3647,0,13
3648,3648,0,-36
3649,3649,0,-72
3650,3650,0,52
3651,3651,0,-21
3652,3652,0,24
3653,3653,0,-16
3654,3654,0,98
3655,3655,0,-59
3656,3656,0,-52
3657,3657,0,-38
3658,3658,0,55
3659,3659,0,-18
3660,3660,0,30
3661,3661,0,-3
3662,3662,0,-4
3663,3663,0,-70
3664,3664,0,54
3665,3665,0,-16
3666,3666,0,34
3667,3667,0,6
3668,3668,0,15
3669,3669,0,32
3670,3670,0,-63
3671,3671,0,4
3672,3672,0,12
3673,3673,0,-37
3674,3674,0,-7
3675,3675,0,52
3676,3676,0,43
3677,3677,0,-38
3678,3678,0,-10
3679,3679,0,-17
3680,3680,0,32
3681,3681,0,2
3682,3682,0,-56
3683,3683,0,18
3684,3684,0,-26
3685,3685,0,14
3686,3686,0,28
3687,3687,0,-69
3688,3688,0,-7
3689,3689,0,-11
3690,3690,0,-19
3691,3691,0,91
3692,3692,0,-8
3693,3693,0,-15
3694,3694,0,-27
3695,3695,0,-52
3696,3696,0,27
3697,3697,0,-9
3698,3698,0,48
3699,3699,0,-30
3700,3700,0,5
3701,3701,0,-52
3702,3702,0,27
3703,3703,0,-7
3704,3704,0,-11
3705,3705,0,44
3706,3706,0,27
3707,3707,0,-9
3708,3708,0,-16
3709,3709,0,-29
3710,3710,0,8
3711,3711,0,-46
3712,3712,0,39
3713,3713,0,16
3714,3714,0,-30
3715,3715,0,7
3716,3716,0,16
3717,3717,0,-30
3718,3718,0,7
3719,3719,0,15
3720,3720,0,-34
3721,3721,0,-3
3722,3722,0,-3
3723,3723,0,-68
3724,3724,0,-5
3725,3725,0,57
3726,3726,0,53
3727,3727,0,-21
3728,3728,0,23
3729,3729,0,-17
3730,3730,0,-31
3731,3731,0,-60
3732,3732,0,9
3733,3733,0,19
3734,3734,0,41
3735,3735,0,-44
3736,3736,0,-21
3737,3737,0,24
3738,3738,0,51
3739,3739,0,-22
3740,3740,0,21
3741,3741,0,-21
3742,3742,0,23
3743,3743,0,-14
3744,3744,0,-88
3745,3745,0,18
3746,3746,0,39
3747,3747,0,81
3748,3748,0,-28
3749,3749,0,-55
3750,3750,0,19
3751,3751,0,-23
3752,3752,0,-44
3753,3753,0,-21
3754,3754,0,25
3755,3755,0,52
3756,3756,0,-22
3757,3757,0,23
3758,3758,0,-15
3759,3759,0,-30
3760,3760,0,6
3761,3761,0,13
3762,3762,0,-37
3763,3763,0,-72
3764,3764,0,48
3765,3765,0,-29
3766,3766,0,8
3767,3767,0,16
3768,3768,0,-32
3769,3769,0,65
3770,3770,0,-60
3771,3771,0,-55
3772,3772,0,19
3773,3773,0,39
3774,3774,0,14
3775,3775,0,-35
3776,3776,0,-4
3777,3777,0,-6
3778,3778,0,-11
3779,3779,0,45
3780,3780,0,28
3781,3781,0,-5
3782,3782,0,-8
3783,3783,0,50
3784,3784,0,-27
3785,3785,0,14
3786,3786,0,-35
3787,3787,0,-4
3788,3788,0,-6
3789,3789,0,55
3790,3790,0,-80
3791,3791,0,33
3792,3792,0,5
3793,3793,0,11
3794,3794,0,-41
3795,3795,0,-14
3796,3796,0,40
3797,3797,0,-48
3798,3798,0,36
3799,3799,0,74
3800,3800,0,-41
3801,3801,0,-81
3802,3802,0,97
3803,3803,0,-59
3804,3804,0,12
3805,3805,0,-39
3806,3806,0,52
3807,3807,0,-23
3808,3808,0,-44
3809,3809,0,-22
3810,3810,0,21
3811,3811,0,-21
3812,3812,0,23
3813,3813,0,-15
3814,3814,0,-26
3815,3815,0,13
3816,3816,0,27
3817,3817,0,55
3818,3818,0,-16
3819,3819,0,-94
3820,3820,0,6
3821,3821,0,15
3822,3822,0,32
3823,3823,0,2
3824,3824,0,6
3825,3825,0,14
3826,3826,0,-35
3827,3827,0,-4
3828,3828,0,-8
3829,3829,0,-15
3830,3830,0,-27
3831,3831,0,13
3832,3832,0,-37
3833,3833,0,55
3834,3834,0,49
3835,3835,0,-29
3836,3836,0,-55
3837,3837,0,21
3838,3838,0,44
3839,3839,0,-40
3840,3840,0,50
3841,3841,0,-26
3842,3842,0,-51
3843,3843,0,-37
3844,3844,0,56
3845,3845,0,-13
3846,3846,0,-23
3847,3847,0,18
3848,3848,0,36
3849,3849,0,11
3850,3850,0,-39
3851,3851,0,-78
3852,3852,0,39
3853,3853,0,81
3854,3854,0,-28
3855,3855,0,-55
3856,3856,0,84
3857,3857,0,-21
3858,3858,0,-41
3859,3859,0,-16
3860,3860,0,34
3861,3861,0,5
3862,3862,0,-52
3863,3863,0,27
3864,3864,0,-9
3865,3865,0,-17
3866,3866,0,32
3867,3867,0,2
3868,3868,0,-58
3869,3869,0,13
3870,3870,0,29
3871,3871,0,-4
3872,3872,0,-5
3873,3873,0,-9
3874,3874,0,49
3875,3875,0,-29
3876,3876,0,7
3877,3877,0,-47
3878,3878,0,36
3879,3879,0,-53
3880,3880,0,26
3881,3881,0,53
3882,3882,0,-22
3883,3883,0,21
3884,3884,0,-20
3885,3885,0,-102
3886,3886,0,-11
3887,3887,0,45
3888,3888,0,29
3889,3889,0,-6
3890,3890,0,-9
3891,3891,0,48
3892,3892,0,-29
3893,3893,0,-56
3894,3894,0,83
3895,3895,0,-25
3896,3896,0,15
3897,3897,0,-33
3898,3898,0,0
3899,3899,0,-61
3900,3900,0,9
3901,3901,0,19
3902,3902,0,40
3903,3903,0,17
3904,3904,0,-28
3905,3905,0,-56
3906,3906,0,17
3907,3907,0,-28
3908,3908,0,10
3909,3909,0,-42
3910,3910,0,45
3911,3911,0,28
3912,3912,0,-7
3913,3913,0,-12
3914,3914,0,-23
3915,3915,0,20
3916,3916,0,-21
3917,3917,0,24
3918,3918,0,-16
3919,3919,0,36
3920,3920,0,11
3921,3921,0,-40
3922,3922,0,-14
3923,3923,0,101
3924,3924,0,-52
3925,3925,0,-39
3926,3926,0,-12
3927,3927,0,-21
3928,3928,0,25
3929,3929,0,-12
3930,3930,0,40
3931,3931,0,17
3932,3932,0,-29
3933,3933,0,-56
3934,3934,0,-47
3935,3935,0,36
3936,3936,0,11
3937,3937,0,23
3938,3938,0,-15
3939,3939,0,35
3940,3940,0,9
3941,3941,0,-45
3942,3942,0,41
3943,3943,0,-43
3944,3944,0,44
3945,3945,0,-37
3946,3946,0,56
3947,3947,0,-13
3948,3948,0,-22
3949,3949,0,21
3950,3950,0,-20
3951,3951,0,26
3952,3952,0,-11
3953,3953,0,-82
3954,3954,0,29
3955,3955,0,-6
3956,3956,0,-9
3957,3957,0,48
3958,3958,0,-95
3959,3959,0,5
3960,3960,0,77
3961,3961,0,-36
3962,3962,0,-7
3963,3963,0,51
3964,3964,0,-25
3965,3965,0,-48
3966,3966,0,-29
3967,3967,0,8
3968,3968,0,17
3969,3969,0,37
3970,3970,0,12
3971,3971,0,-40
3972,3972,0,-13
3973,3973,0,40
3974,3974,0,-44
3975,3975,0,-21
3976,3976,0,88
3977,3977,0,-15
3978,3978,0,36
3979,3979,0,-55
3980,3980,0,-44
3981,3981,0,-22
3982,3982,0,21
3983,3983,0,-21
3984,3984,0,23
3985,3985,0,-16
3986,3986,0,-28
3987,3987,0,10
3988,3988,0,22
3989,3989,0,46
3990,3990,0,30
3991,3991,0,-66
3992,3992,0,-1
3993,3993,0,-1
3994,3994,0,1
3995,3995,0,4
3996,3996,0,9
3997,3997,0,-44
3998,3998,0,41
3999,3999,0,-42
4000,4000,0,-17
4001,4001,0,33
4002,4002,0,3
4003,4003,0,73
4004,4004,0,-45
4005,4005,0,-24
4006,4006,0,-45
4007,4007,0,40
4008,4008,0,-46
4009,4009,0,39
4010,4010,0,15
4011,4011,0,-32
4012,4012,0,4
4013,4013,0,8
4014,4014,0,-46
4015,4015,0,38
4016,4016,0,14
4017,4017,0,-98
4018,4018,0,61
4019,4019,0,-5
4020,4020,0,-8
4021,4021,0,-16
4022,4022,0,-29
4023,4023,0,8
4024,4024,0,18
4025,4025,0,-26
4026,4026,0,78
4027,4027,0,-34
4028,4028,0,-2
4029,4029,0,-2
4030,4030,0,-1
4031,4031,0,0
4032,4032,0,4
4033,4033,0,9
4034,4034,0,22
4035,4035,0,-19
4036,4036,0,28
4037,4037,0,-70
4038,4038,0,55
4039,4039,0,-81
4040,4040,0,32
4041,4041,0,4
4042,4042,0,11
4043,4043,0,-41
4044,4044,0,46
4045,4045,0,30
4046,4046,0,-66
4047,4047,0,-66
4048,4048,0,-2
4049,4049,0,62
4050,4050,0,-3
4051,4051,0,-4
4052,4052,0,-5
4053,4053,0,-9
4054,4054,0,-18
4055,4055,0,29
4056,4056,0,-5
4057,4057,0,-72
4058,4058,0,-14
4059,4059,0,36
4060,4060,0,9
4061,4061,0,20
4062,4062,0,-23
4063,4063,0,-43
4064,4064,0,44
4065,4065,0,26
4066,4066,0,-10
4067,4067,0,47
4068,4068,0,-33
4069,4069,0,1
4070,4070,0,4
4071,4071,0,9
4072,4072,0,-44
4073,4073,0,42
4074,4074,0,-42
4075,4075,0,-18
4076,4076,0,30
4077,4077,0,-3
4078,4078,0,-2
4079,4079,0,-2
4080,4080,0,-2
4081,4081,0,-2
4082,4082,0,62
4083,4083,0,-68
4084,4084,0,-6
4085,4085,0,-8
4086,4086,0,-14
4087,4087,0,-27
4088,4088,0,76
4089,4089,0,25
4090,4090,0,-76
4091,4091,0,-23
4092,4092,0,20
4093,4093,0,-21
4094,4094,0,24
4095,4095,0,-13
