Sample in Buffer,Sample in Window,TRIGGER,w_adc[15:0],w_fft_data_q[26:0],w_mag[26:0],w_fft_data_i[26:0],w_fft_tlast_out
Radix - UNSIGNED,UNSIGNED,UNSIGNED,SIGNED,HEX,SIGNED,SIGNED,HEX
3,3,0,0,0000008,279,215,0
4,4,0,951,000000d,271,220,0
5,5,0,588,0000008,282,225,0
6,6,0,-588,000000c,262,222,0
7,7,0,-951,0000008,273,228,0
8,8,0,0,0000007,265,223,0
9,9,0,951,0000012,276,226,0
10,10,0,588,0000016,276,220,0
11,11,0,-588,0000019,274,226,0
12,12,0,-951,000001c,271,229,0
13,13,0,0,0000019,264,227,0
14,14,0,951,0000012,272,225,0
15,15,0,588,000001a,271,229,0
16,16,0,-588,000001e,263,219,0
17,17,0,-951,0000025,269,226,0
18,18,0,0,0000025,267,223,0
19,19,0,951,0000024,262,225,0
20,20,0,588,0000028,264,227,0
21,21,0,-588,000002d,268,228,0
22,22,0,-951,0000030,262,223,0
23,23,0,0,000002a,265,223,0
24,24,0,951,0000038,264,226,0
25,25,0,588,0000037,270,223,0
26,26,0,-588,0000039,257,231,0
27,27,0,-951,0000044,266,223,0
28,28,0,0,000003e,262,229,0
29,29,0,951,0000040,260,223,0
30,30,0,588,0000049,268,223,0
31,31,0,-588,000003f,263,224,0
32,32,0,-951,000004a,262,214,0
33,33,0,0,0000049,271,221,0
34,34,0,951,0000048,250,227,0
35,35,0,588,0000055,257,222,0
36,36,0,-588,0000059,262,226,0
37,37,0,-951,0000052,259,221,0
38,38,0,0,0000055,265,224,0
39,39,0,951,000005f,259,222,0
40,40,0,588,0000055,264,218,0
41,41,0,-588,000005c,257,221,0
42,42,0,-951,000005d,264,219,0
43,43,0,0,0000062,268,226,0
44,44,0,951,0000061,266,228,0
45,45,0,588,0000063,263,222,0
46,46,0,-588,000006c,268,223,0
47,47,0,-951,0000068,257,209,0
48,48,0,0,0000069,267,209,0
49,49,0,951,000006f,263,217,0
50,50,0,588,0000072,265,220,0
51,51,0,-588,0000076,268,220,0
52,52,0,-951,0000074,270,210,0
53,53,0,0,0000078,265,216,0
54,54,0,951,0000084,264,215,0
55,55,0,588,0000074,271,220,0
56,56,0,-588,000007c,267,229,0
57,57,0,-951,0000084,277,215,0
58,58,0,0,0000073,271,216,0
59,59,0,951,0000082,276,213,0
60,60,0,588,000008a,270,212,0
61,61,0,-588,0000086,273,215,0
62,62,0,-951,0000094,271,211,0
63,63,0,0,000008b,263,210,0
64,64,0,951,000008b,271,207,0
65,65,0,588,0000093,277,210,0
66,66,0,-588,0000098,277,213,0
67,67,0,-951,000009d,283,208,0
68,68,0,0,0000092,274,212,0
69,69,0,951,000009f,279,210,0
70,70,0,588,00000a4,281,214,0
71,71,0,-588,00000a3,272,205,0
72,72,0,-951,00000ad,279,204,0
73,73,0,0,00000af,277,206,0
74,74,0,951,00000b2,286,200,0
75,75,0,588,00000a9,289,210,0
76,76,0,-588,00000b4,283,199,0
77,77,0,-951,00000ae,289,202,0
78,78,0,0,00000b9,272,204,0
79,79,0,951,00000bc,272,204,0
80,80,0,588,00000bb,284,206,0
81,81,0,-588,00000be,288,203,0
82,82,0,-951,00000c7,290,202,0
83,83,0,0,00000ba,279,201,0
84,84,0,951,00000c4,287,197,0
85,85,0,588,00000cd,294,199,0
86,86,0,-588,00000c7,290,196,0
87,87,0,-951,00000d1,303,203,0
88,88,0,0,00000d8,294,202,0
89,89,0,951,00000d3,285,194,0
90,90,0,588,00000da,291,205,0
91,91,0,-588,00000d8,294,198,0
92,92,0,-951,00000db,295,192,0
93,93,0,0,00000d7,300,196,0
94,94,0,951,00000e6,293,197,0
95,95,0,588,00000e1,290,185,0
96,96,0,-588,00000e3,298,194,0
97,97,0,-951,00000e8,305,191,0
98,98,0,0,00000ee,304,191,0
99,99,0,951,00000ed,299,189,0
100,100,0,588,00000f8,306,195,0
101,101,0,-588,00000ee,314,193,0
102,102,0,-951,00000f3,305,205,0
103,103,0,0,00000e8,311,244,0
104,104,0,951,0000119,314,127,0
105,105,0,588,0000103,311,163,0
106,106,0,-588,0000107,314,166,0
107,107,0,-951,0000112,312,167,0
108,108,0,0,000010f,310,165,0
109,109,0,951,0000108,320,173,0
110,110,0,588,000010e,323,172,0
111,111,0,-588,000011c,324,171,0
112,112,0,-951,0000114,324,169,0
113,113,0,0,000011a,330,171,0
114,114,0,951,0000115,318,172,0
115,115,0,588,0000121,324,171,0
116,116,0,-588,0000124,333,164,0
117,117,0,-951,0000125,325,166,0
118,118,0,0,000012e,339,163,0
119,119,0,951,0000120,344,172,0
120,120,0,588,000012c,333,167,0
121,121,0,-588,0000131,348,163,0
122,122,0,-951,000013f,341,158,0
123,123,0,0,0000134,339,161,0
124,124,0,951,000013d,338,155,0
125,125,0,588,0000143,352,159,0
126,126,0,-588,0000139,339,162,0
127,127,0,-951,000013c,348,152,0
128,128,0,0,000014c,350,152,0
129,129,0,951,000014d,355,152,0
130,130,0,588,000014a,353,145,0
131,131,0,-588,0000151,367,154,0
132,132,0,-951,0000158,356,143,0
133,133,0,0,000015e,370,146,0
134,134,0,951,000015d,392,141,0
135,135,0,588,000015f,359,140,0
136,136,0,-588,0000166,356,148,0
137,137,0,-951,000016b,362,144,0
138,138,0,0,0000168,374,135,0
139,139,0,951,0000177,369,135,0
140,140,0,588,000016c,367,126,0
141,141,0,-588,000017a,373,135,0
142,142,0,-951,0000179,386,135,0
143,143,0,0,000017d,377,125,0
144,144,0,951,0000186,384,129,0
145,145,0,588,0000185,380,128,0
146,146,0,-588,000018d,391,121,0
147,147,0,-951,000019a,390,131,0
148,148,0,0,000018f,392,127,0
149,149,0,951,0000197,399,123,0
150,150,0,588,000019e,390,118,0
151,151,0,-588,00001a2,399,121,0
152,152,0,-951,000019a,403,118,0
153,153,0,0,00001aa,414,114,0
154,154,0,951,00001a9,404,120,0
155,155,0,588,00001ad,410,119,0
156,156,0,-588,00001af,419,108,0
157,157,0,-951,00001bd,410,104,0
158,158,0,0,00001c2,408,102,0
159,159,0,951,00001c3,425,106,0
160,160,0,588,00001d2,426,100,0
161,161,0,-588,00001cd,419,97,0
162,162,0,-951,00001cd,431,97,0
163,163,0,0,00001d6,433,95,0
164,164,0,951,00001d8,441,94,0
165,165,0,588,00001d9,438,86,0
166,166,0,-588,00001eb,440,85,0
167,167,0,-951,00001ec,451,84,0
168,168,0,0,00001f5,455,81,0
169,169,0,951,00001f4,448,79,0
170,170,0,588,00001f7,464,76,0
171,171,0,-588,00001fe,448,79,0
172,172,0,-951,00001f8,467,61,0
173,173,0,0,0000208,466,69,0
174,174,0,951,000020a,467,69,0
175,175,0,588,000020e,478,57,0
176,176,0,-588,000020e,476,55,0
177,177,0,-951,000021d,483,56,0
178,178,0,0,0000216,501,56,0
179,179,0,951,0000222,488,52,0
180,180,0,588,0000228,495,47,0
181,181,0,-588,000022f,501,44,0
182,182,0,-951,000023b,507,36,0
183,183,0,0,000023b,497,44,0
184,184,0,951,0000245,513,37,0
185,185,0,588,000024a,514,30,0
186,186,0,-588,0000252,518,38,0
187,187,0,-951,000025c,517,23,0
188,188,0,0,0000257,532,23,0
189,189,0,951,0000263,537,13,0
190,190,0,588,0000269,539,20,0
191,191,0,-588,000026b,555,11,0
192,192,0,-951,0000274,548,4,0
193,193,0,0,000027b,548,1,0
194,194,0,951,000027f,558,3,0
195,195,0,588,0000287,560,-8,0
196,196,0,-588,0000294,559,-18,0
197,197,0,-951,0000297,580,-18,0
198,198,0,0,00002a0,581,-13,0
199,199,0,951,00002a6,591,-31,0
200,200,0,588,00002b2,590,-27,0
201,201,0,-588,00002b4,592,-32,0
202,202,0,-951,00002bb,600,-31,0
203,203,0,0,00002c6,591,-45,0
204,204,0,951,00002c4,610,-41,0
205,205,0,588,00002d2,613,-53,0
206,206,0,-588,00002e1,616,-60,0
207,207,0,-951,00002ed,616,-70,0
208,208,0,0,00002eb,633,-61,0
209,209,0,951,00002f8,625,-72,0
210,210,0,588,00002fc,639,-78,0
211,211,0,-588,0000303,645,-76,0
212,212,0,-951,000031d,652,-90,0
213,213,0,0,000031f,666,-92,0
214,214,0,951,0000325,667,-99,0
215,215,0,588,0000338,678,-103,0
216,216,0,-588,0000339,683,-112,0
217,217,0,-951,0000342,693,-118,0
218,218,0,0,000034c,703,-122,0
219,219,0,951,0000359,698,-127,0
220,220,0,588,0000360,712,-140,0
221,221,0,-588,0000371,719,-143,0
222,222,0,-951,000037a,721,-157,0
223,223,0,0,0000385,731,-165,0
224,224,0,951,0000393,739,-166,0
225,225,0,588,000039f,744,-178,0
226,226,0,-588,00003af,753,-187,0
227,227,0,-951,00003af,769,-184,0
228,228,0,0,00003cf,772,-200,0
229,229,0,951,00003d2,782,-212,0
230,230,0,588,00003e3,790,-213,0
231,231,0,-588,00003e2,804,-224,0
232,232,0,-951,00003fa,806,-242,0
233,233,0,0,000040b,815,-243,0
234,234,0,951,0000416,828,-255,0
235,235,0,588,0000426,825,-263,0
236,236,0,-588,0000444,843,-282,0
237,237,0,-951,0000448,861,-286,0
238,238,0,0,000045f,876,-292,0
239,239,0,951,0000460,873,-307,0
240,240,0,588,0000482,888,-312,0
241,241,0,-588,000048b,894,-328,0
242,242,0,-951,000049c,902,-337,0
243,243,0,0,00004b0,934,-349,0
244,244,0,951,00004c6,936,-371,0
245,245,0,588,00004d8,944,-383,0
246,246,0,-588,00004f0,967,-397,0
247,247,0,-951,00004fc,969,-409,0
248,248,0,0,0000521,981,-419,0
249,249,0,951,0000532,993,-444,0
250,250,0,588,0000548,1008,-461,0
251,251,0,-588,0000566,1019,-474,0
252,252,0,-951,0000572,1039,-493,0
253,253,0,0,0000593,1052,-509,0
254,254,0,951,000059e,1067,-528,0
255,255,0,588,00005cd,1083,-537,0
256,256,0,-588,00005e8,1099,-561,0
257,257,0,-951,0000603,1120,-588,0
258,258,0,0,0000621,1118,-614,0
259,259,0,951,0000645,1159,-628,0
260,260,0,588,000066a,1165,-655,0
261,261,0,-588,000068b,1185,-678,0
262,262,0,-951,00006ad,1186,-707,0
263,263,0,0,00006ce,1218,-736,0
264,264,0,951,00006f6,1238,-752,0
265,265,0,588,0000724,1254,-784,0
266,266,0,-588,000074e,1274,-818,0
267,267,0,-951,0000779,1313,-864,0
268,268,0,0,00007b1,1319,-874,0
269,269,0,951,00007df,1347,-915,0
270,270,0,588,0000810,1352,-961,0
271,271,0,-588,0000843,1392,-996,0
272,272,0,-951,0000882,1407,-1041,0
273,273,0,0,00008c3,1429,-1080,0
274,274,0,951,0000904,1455,-1124,0
275,275,0,588,0000949,1487,-1176,0
276,276,0,-588,0000995,1511,-1228,0
277,277,0,-951,00009e0,1543,-1285,0
278,278,0,0,0000a38,1560,-1335,0
279,279,0,951,0000a8f,1605,-1402,0
280,280,0,588,0000aef,1633,-1469,0
281,281,0,-588,0000b55,1663,-1549,0
282,282,0,-951,0000bb8,1701,-1624,0
283,283,0,0,0000c3d,1721,-1712,0
284,284,0,951,0000cba,1764,-1809,0
285,285,0,588,0000d47,1784,-1902,0
286,286,0,-588,0000dde,1839,-2008,0
287,287,0,-951,0000e7c,1878,-2131,0
288,288,0,0,0000f37,1918,-2257,0
289,289,0,951,0000ffe,1962,-2406,0
290,290,0,588,00010dc,2007,-2565,0
291,291,0,-588,00011d3,2058,-2744,0
292,292,0,-951,00012f2,2104,-2953,0
293,293,0,0,0001428,2154,-3177,0
294,294,0,951,0001597,2202,-3438,0
295,295,0,588,0001729,2252,-3746,0
296,296,0,-588,0001914,2316,-4087,0
297,297,0,-951,0001b49,2376,-4500,0
298,298,0,0,0001def,2444,-4989,0
299,299,0,951,0002136,2508,-5596,0
300,300,0,588,0002539,2577,-6338,0
301,301,0,-588,0002a4d,2651,-7294,0
302,302,0,-951,0003119,2722,-8558,0
303,303,0,0,0003a88,2811,-10297,0
304,304,0,951,000485b,2899,-12867,0
305,305,0,588,0005ee7,2989,-17067,0
306,306,0,-588,00089e6,3088,-25046,0
307,307,0,-951,000fc9d,3194,-46385,0
308,308,0,0,005ea0f,3302,-281017,0
309,309,0,951,7fe85db,3420,70923,0
310,310,0,588,7ff5821,3546,31810,0
311,311,0,-588,7ff942e,3680,20638,0
312,312,0,-951,7ffb0ad,3829,15356,0
313,313,0,0,7ffc142,3972,12269,0
314,314,0,951,7ffcc26,4157,10235,0
315,315,0,588,7ffd3d9,4339,8818,0
316,316,0,-588,7ffd98b,4535,7763,0
317,317,0,-951,7ffddf2,4749,6931,0
318,318,0,0,7ffe16e,4980,6285,0
319,319,0,951,7ffe457,5242,5752,0
320,320,0,588,7ffe6b9,5529,5309,0
321,321,0,-588,7ffe8b4,5846,4937,0
322,322,0,-951,7ffea66,6200,4609,0
323,323,0,0,7ffebe7,6612,4350,0
324,324,0,951,7ffed41,7056,4103,0
325,325,0,588,7ffee5c,7579,3891,0
326,326,0,-588,7ffef5c,8166,3708,0
327,327,0,-951,7fff043,8862,3545,0
328,328,0,0,7fff118,9675,3385,0
329,329,0,951,7fff1d5,10647,3250,0
330,330,0,588,7fff284,11852,3118,0
331,331,0,-588,7fff327,13326,3010,0
332,332,0,-951,7fff3ad,15203,2898,0
333,333,0,0,7fff432,17706,2812,0
334,334,0,951,7fff4b0,21170,2733,0
335,335,0,588,7fff528,26262,2650,0
336,336,0,-588,7fff587,34572,2578,0
337,337,0,-951,7fff5ec,50402,2499,0
338,338,0,0,7fff648,92671,2437,0
339,339,0,951,7fff693,557475,2368,0
340,340,0,588,7fff6eb,139738,2324,0
341,341,0,-588,7fff736,62259,2264,0
342,342,0,-951,7fff77e,40132,2215,0
343,343,0,0,7fff7c2,29645,2158,0
344,344,0,951,7fff807,23535,2121,0
345,345,0,588,7fff83b,19518,2076,0
346,346,0,-588,7fff872,16693,2045,0
347,347,0,-951,7fff8a9,14599,2009,0
348,348,0,0,7fff8df,12969,1958,0
349,349,0,951,7fff90c,11687,1931,0
350,350,0,588,7fff93e,10623,1893,0
351,351,0,-588,7fff971,9746,1877,0
352,352,0,-951,7fff997,9015,1838,0
353,353,0,0,7fff9bb,8382,1810,0
354,354,0,951,7fff9e4,7845,1777,0
355,355,0,588,7fffa0a,7352,1756,0
356,356,0,-588,7fffa2e,6941,1727,0
357,357,0,-951,7fffa4b,6576,1708,0
358,358,0,0,7fffa7a,6249,1694,0
359,359,0,951,7fffa95,5940,1663,0
360,360,0,588,7fffaaa,5670,1652,0
361,361,0,-588,7fffac9,5416,1621,0
362,362,0,-951,7fffaef,5191,1610,0
363,363,0,0,7fffb07,4988,1586,0
364,364,0,951,7fffb2d,4807,1571,0
365,365,0,588,7fffb33,4636,1550,0
366,366,0,-588,7fffb5c,4469,1536,0
367,367,0,-951,7fffb63,4331,1510,0
368,368,0,0,7fffb85,4182,1506,0
369,369,0,951,7fffb99,4055,1488,0
370,370,0,588,7fffbaf,3937,1472,0
371,371,0,-588,7fffbc4,3828,1462,0
372,372,0,-951,7fffbdc,3717,1444,0
373,373,0,0,7fffbe9,3617,1436,0
374,374,0,951,7fffbff,3514,1416,0
375,375,0,588,7fffc14,3427,1412,0
376,376,0,-588,7fffc2d,3348,1390,0
377,377,0,-951,7fffc34,3277,1384,0
378,378,0,0,7fffc3d,3203,1360,0
379,379,0,951,7fffc5d,3117,1370,0
380,380,0,588,7fffc69,3058,1351,0
381,381,0,-588,7fffc78,2986,1342,0
382,382,0,-951,7fffc81,2932,1330,0
383,383,0,0,7fffc94,2869,1318,0
384,384,0,951,7fffca7,2817,1321,0
385,385,0,588,7fffcb4,2756,1301,0
386,386,0,-588,7fffcc5,2709,1294,0
387,387,0,-951,7fffccc,2656,1283,0
388,388,0,0,7fffcd7,2617,1274,0
389,389,0,951,7fffcec,2569,1268,0
390,390,0,588,7fffcf6,2521,1250,0
391,391,0,-588,7fffd08,2496,1251,0
392,392,0,-951,7fffd15,2445,1239,0
393,393,0,0,7fffd1c,2407,1237,0
394,394,0,951,7fffd29,2368,1230,0
395,395,0,588,7fffd32,2327,1230,0
396,396,0,-588,7fffd46,2303,1222,0
397,397,0,-951,7fffd4b,2261,1206,0
398,398,0,0,7fffd54,2232,1200,0
399,399,0,951,7fffd69,2204,1193,0
400,400,0,588,7fffd64,2173,1191,0
401,401,0,-588,7fffd77,2143,1184,0
402,402,0,0,7fffd80,2119,1174,0
403,403,0,951,7fffd93,2086,1178,0
404,404,0,588,7fffd8f,2069,1169,0
405,405,0,-588,7fffd9f,2035,1161,0
406,406,0,-951,7fffdbb,2017,1163,0
407,407,0,0,7fffdad,1980,1150,0
408,408,0,951,7fffdbb,1969,1151,0
409,409,0,588,7fffdc0,1940,1142,0
410,410,0,-588,7fffdcd,1928,1140,0
411,411,0,-951,7fffdd3,1902,1139,0
412,412,0,0,7fffdd7,1884,1128,0
413,413,0,951,7fffde8,1867,1123,0
414,414,0,588,7fffdef,1842,1123,0
415,415,0,-588,7fffdf2,1833,1109,0
416,416,0,-951,7fffdfd,1805,1115,0
417,417,0,0,7fffe08,1788,1106,0
418,418,0,951,7fffe18,1773,1102,0
419,419,0,588,7fffe20,1757,1093,0
420,420,0,-588,7fffe22,1738,1090,0
421,421,0,-951,7fffe27,1714,1090,0
422,422,0,0,7fffe2c,1704,1090,0
423,423,0,951,7fffe33,1684,1083,0
424,424,0,588,7fffe3b,1678,1079,0
425,425,0,-588,7fffe41,1663,1076,0
426,426,0,-951,7fffe4a,1658,1075,0
427,427,0,0,7fffe53,1638,1062,0
428,428,0,951,7fffe5c,1619,1071,0
429,429,0,588,7fffe64,1608,1063,0
430,430,0,-588,7fffe5f,1589,1060,0
431,431,0,-951,7fffe6c,1590,1065,0
432,432,0,0,7fffe77,1572,1058,0
433,433,0,951,7fffe78,1557,1049,0
434,434,0,588,7fffe82,1551,1056,0
435,435,0,-588,7fffe8d,1543,1047,0
436,436,0,-951,7fffe8c,1526,1039,0
437,437,0,0,7fffe97,1514,1038,0
438,438,0,951,7fffea2,1508,1031,0
439,439,0,588,7fffe94,1501,1029,0
440,440,0,-588,7fffea9,1489,1027,0
441,441,0,-951,7fffeab,1480,1027,0
442,442,0,0,7fffeb6,1476,1026,0
443,443,0,951,7fffebf,1463,1024,0
444,444,0,588,7fffebc,1449,1026,0
445,445,0,-588,7fffec2,1445,1014,0
446,446,0,-951,7fffed3,1429,1026,0
447,447,0,0,7fffed6,1430,1016,0
448,448,0,951,7fffece,1415,1020,0
449,449,0,588,7fffed8,1403,1010,0
450,450,0,-588,7fffee5,1390,1003,0
451,451,0,-951,7fffee7,1386,1002,0
452,452,0,0,7fffee6,1384,1004,0
453,453,0,951,7fffeef,1381,1002,0
454,454,0,588,7fffef3,1370,998,0
455,455,0,-588,7fffefc,1362,999,0
456,456,0,-951,7ffff01,1357,998,0
457,457,0,0,7ffff00,1352,994,0
458,458,0,951,7ffff0b,1333,985,0
459,459,0,588,7ffff14,1339,993,0
460,460,0,-588,7ffff12,1327,995,0
461,461,0,-951,7ffff1c,1326,991,0
462,462,0,0,7ffff1d,1326,980,0
463,463,0,951,7ffff1d,1314,988,0
464,464,0,588,7ffff2b,1304,993,0
465,465,0,-588,7ffff2a,1308,984,0
466,466,0,-951,7ffff37,1293,981,0
467,467,0,0,7ffff35,1285,978,0
468,468,0,951,7ffff38,1279,973,0
469,469,0,588,7ffff40,1267,981,0
470,470,0,-588,7ffff49,1271,981,0
471,471,0,-951,7ffff49,1260,976,0
472,472,0,0,7ffff49,1260,978,0
473,473,0,951,7ffff56,1255,974,0
474,474,0,588,7ffff52,1249,974,0
475,475,0,-588,7ffff57,1252,977,0
476,476,0,-951,7ffff5d,1237,967,0
477,477,0,0,7ffff66,1245,968,0
478,478,0,951,7ffff6b,1233,970,0
479,479,0,588,7ffff6a,1240,966,0
480,480,0,-588,7ffff76,1226,969,0
481,481,0,-951,7ffff77,1213,968,0
482,482,0,0,7ffff80,1212,964,0
483,483,0,951,7ffff84,1214,963,0
484,484,0,588,7ffff7b,1209,962,0
485,485,0,-588,7ffff8b,1203,961,0
486,486,0,-951,7ffff92,1202,960,0
487,487,0,0,7ffff94,1199,964,0
488,488,0,951,7ffff97,1195,967,0
489,489,0,588,7ffff9c,1182,958,0
490,490,0,-588,7ffffa3,1188,958,0
491,491,0,-951,7ffffa8,1191,961,0
492,492,0,0,7ffffa7,1184,959,0
493,493,0,951,7ffffa6,1171,960,0
494,494,0,588,7ffffbb,1180,960,0
495,495,0,-588,7ffffbf,1182,956,0
496,496,0,-951,7ffffb3,1172,965,0
497,497,0,0,7ffffbb,1166,956,0
498,498,0,951,7ffffbb,1163,944,0
499,499,0,588,7ffffc2,1156,961,0
500,500,0,-588,7ffffcd,1164,958,0
501,501,0,-951,7ffffcc,1162,955,0
502,502,0,0,7ffffda,1156,955,0
503,503,0,951,7ffffd8,1159,953,0
504,504,0,588,7ffffdf,1151,951,0
505,505,0,-588,7ffffe0,1152,946,0
506,506,0,-951,7ffffe7,1154,964,0
507,507,0,0,7ffffe3,1142,955,0
508,508,0,951,7ffffe1,1141,946,0
509,509,0,588,7fffff1,1143,953,0
510,510,0,-588,7fffff0,1138,950,0
511,511,0,-951,7fffffa,1139,960,0
512,512,1,0,7ffffff,1138,954,1
513,513,0,951,0000000,1132,951,0
514,514,0,588,7ffff8e,1131,823,0
515,515,0,-588,7ffff88,1131,825,0
516,516,0,-951,7ffff91,1127,826,0
517,517,0,0,7fffff6,1125,921,0
518,518,0,951,7fffff6,1129,926,0
519,519,0,588,7fffff0,1132,920,0
520,520,0,-588,0000001,1121,919,0
521,521,0,-951,0000002,1120,922,0
522,522,0,0,7fffffe,1123,924,0
523,523,0,951,0000015,1121,926,0
524,524,0,588,0000010,1122,923,0
525,525,0,-588,0000019,1120,923,0
526,526,0,-951,000001c,1116,923,0
527,527,0,0,000001a,1127,923,0
528,528,0,951,0000024,1116,921,0
529,529,0,588,000003d,1102,946,0
530,530,0,-588,000003d,1121,945,0
531,531,0,-951,000004a,1117,945,0
532,532,0,0,0000044,1113,953,0
533,533,0,951,000004f,1113,952,0
534,534,0,588,0000052,1110,949,0
535,535,0,-588,0000054,1108,943,0
536,536,0,-951,000005e,1102,950,0
537,537,0,0,000005b,1123,951,0
538,538,0,951,0000063,1112,955,0
539,539,0,588,0000066,1102,951,0
540,540,0,-588,000006a,1110,957,0
541,541,0,-951,000006e,1106,955,0
542,542,0,0,0000079,1118,949,0
543,543,0,951,000007d,1111,948,0
544,544,0,588,000007e,1107,956,0
545,545,0,-588,0000083,967,957,0
546,546,0,-951,0000088,970,967,0
547,547,0,0,000008f,970,960,0
548,548,0,951,0000089,1072,964,0
549,549,0,588,0000094,1078,963,0
550,550,0,-588,0000097,1071,970,0
551,551,0,-951,00000a1,1070,968,0
552,552,0,0,00000a7,1073,970,0
553,553,0,951,00000aa,1076,969,0
554,554,0,588,00000a7,1078,961,0
555,555,0,-588,00000bc,1074,964,0
556,556,0,-951,00000b3,1075,970,0
557,557,0,0,00000bd,1075,968,0
558,558,0,951,00000be,1075,987,0
559,559,0,588,00000ca,1073,967,0
560,560,0,-588,00000cb,1104,979,0
561,561,0,-951,00000cf,1103,973,0
562,562,0,0,00000d6,1104,980,0
563,563,0,951,00000d2,1112,978,0
564,564,0,588,00000dc,1112,976,0
565,565,0,-588,00000de,1109,984,0
566,566,0,-951,00000ee,1102,987,0
567,567,0,0,00000ea,1111,986,0
568,568,0,951,00000f6,1112,981,0
569,569,0,588,00000f4,1118,987,0
570,570,0,-588,00000f7,1114,990,0
571,571,0,-951,0000102,1121,999,0
572,572,0,0,000010a,1119,998,0
573,573,0,951,000010a,1114,999,0
574,574,0,588,0000114,1113,999,0
575,575,0,-588,0000117,1123,1006,0
576,576,0,-951,0000113,1125,1011,0
577,577,0,0,0000127,1137,1008,0
578,578,0,951,0000126,1130,1015,0
579,579,0,588,000012f,1133,1010,0
580,580,0,-588,000013a,1134,1014,0
581,581,0,-951,000013d,1143,1018,0
582,582,0,0,0000148,1143,1018,0
583,583,0,951,000013f,1146,1025,0
584,584,0,588,000014f,1145,1020,0
585,585,0,-588,0000155,1136,1028,0
586,586,0,-951,0000156,1143,1028,0
587,587,0,0,0000171,1149,1030,0
588,588,0,951,000016e,1148,1027,0
589,589,0,588,000016c,1170,1036,0
590,590,0,-588,0000171,1150,1042,0
591,591,0,-951,0000186,1164,1046,0
592,592,0,0,0000187,1158,1030,0
593,593,0,951,0000186,1168,1047,0
594,594,0,588,000018d,1164,1050,0
595,595,0,-588,000018c,1165,1053,0
596,596,0,-951,000019c,1174,1055,0
597,597,0,0,00001a1,1182,1061,0
598,598,0,951,000019d,1180,1064,0
599,599,0,588,00001b1,1177,1061,0
600,600,0,-588,00001bc,1183,1076,0
601,601,0,-951,00001b9,1188,1072,0
602,602,0,0,00001cc,1201,1075,0
603,603,0,951,00001d2,1203,1078,0
604,604,0,588,00001d5,1204,1090,0
605,605,0,-588,00001dd,1206,1088,0
606,606,0,-951,00001e4,1216,1095,0
607,607,0,0,00001eb,1220,1099,0
608,608,0,951,00001f5,1223,1100,0
609,609,0,588,00001f6,1230,1103,0
610,610,0,-588,0000200,1227,1109,0
611,611,0,-951,0000205,1236,1111,0
612,612,0,0,000020e,1241,1117,0
613,613,0,951,0000216,1245,1119,0
614,614,0,588,000021f,1250,1127,0
615,615,0,-588,0000226,1250,1120,0
616,616,0,-951,0000231,1261,1137,0
617,617,0,0,000023f,1261,1143,0
618,618,0,951,0000245,1274,1148,0
619,619,0,588,0000258,1270,1151,0
620,620,0,-588,0000257,1279,1161,0
621,621,0,-951,0000262,1287,1161,0
622,622,0,0,000026a,1300,1156,0
623,623,0,951,0000280,1283,1165,0
624,624,0,588,0000282,1301,1189,0
625,625,0,-588,000028a,1307,1181,0
626,626,0,-951,0000299,1310,1188,0
627,627,0,0,00002a5,1318,1201,0
628,628,0,951,00002aa,1327,1206,0
629,629,0,588,00002b9,1329,1210,0
630,630,0,-588,00002c0,1334,1219,0
631,631,0,-951,00002ca,1355,1214,0
632,632,0,0,00002da,1349,1235,0
633,633,0,951,00002e3,1362,1239,0
634,634,0,588,00002f1,1367,1248,0
635,635,0,-588,0000304,1382,1247,0
636,636,0,-951,0000303,1383,1257,0
637,637,0,0,0000317,1394,1269,0
638,638,0,951,0000325,1402,1266,0
639,639,0,588,0000338,1407,1288,0
640,640,0,-588,0000338,1411,1294,0
641,641,0,-951,000034b,1422,1300,0
642,642,0,0,000035e,1427,1315,0
643,643,0,951,000036b,1437,1322,0
644,644,0,588,0000376,1443,1327,0
645,645,0,-588,0000386,1456,1334,0
646,646,0,-951,0000391,1453,1339,0
647,647,0,0,00003a7,1476,1362,0
648,648,0,951,00003b6,1490,1366,0
649,649,0,588,00003cd,1498,1380,0
650,650,0,-588,00003e0,1511,1393,0
651,651,0,-951,00003ed,1521,1403,0
652,652,0,0,0000404,1527,1422,0
653,653,0,951,0000418,1526,1431,0
654,654,0,588,000042d,1548,1437,0
655,655,0,-588,0000443,1573,1463,0
656,656,0,-951,000044a,1570,1461,0
657,657,0,0,0000469,1585,1484,0
658,658,0,951,0000481,1605,1499,0
659,659,0,588,00004a0,1613,1511,0
660,660,0,-588,00004af,1626,1543,0
661,661,0,-951,00004c9,1639,1549,0
662,662,0,0,00004e4,1640,1570,0
663,663,0,951,00004fc,1670,1589,0
664,664,0,588,000050e,1679,1600,0
665,665,0,-588,0000536,1697,1622,0
666,666,0,-951,0000551,1708,1640,0
667,667,0,0,0000575,1717,1663,0
668,668,0,951,0000591,1741,1686,0
669,669,0,588,00005b1,1747,1706,0
670,670,0,-588,00005d4,1780,1730,0
671,671,0,-951,00005f5,1786,1754,0
672,672,0,0,000061c,1804,1776,0
673,673,0,951,0000645,1831,1807,0
674,674,0,588,0000675,1846,1839,0
675,675,0,-588,000069a,1858,1863,0
676,676,0,-951,00006c0,1875,1898,0
677,677,0,0,00006ed,1887,1934,0
678,678,0,951,0000721,1924,1961,0
679,679,0,588,000075c,1937,1994,0
680,680,0,-588,0000795,1966,2045,0
681,681,0,-951,00007cc,1991,2081,0
682,682,0,0,00007fd,2009,2124,0
683,683,0,951,0000844,2043,2167,0
684,684,0,588,000088a,2065,2211,0
685,685,0,-588,00008cc,2085,2261,0
686,686,0,-951,000090a,2125,2311,0
687,687,0,0,0000970,2128,2375,0
688,688,0,951,00009bc,2171,2447,0
689,689,0,588,0000a15,2202,2498,0
690,690,0,-588,0000a7e,2235,2572,0
691,691,0,-951,0000ada,2275,2642,0
692,692,0,0,0000b4a,2299,2733,0
693,693,0,951,0000bcb,2338,2812,0
694,694,0,588,0000c53,2373,2910,0
695,695,0,-588,0000cdd,2396,3012,0
696,696,0,-951,0000d81,2445,3129,0
697,697,0,0,0000e2c,2481,3250,0
698,698,0,951,0000eea,2529,3386,0
699,699,0,588,0000fac,2570,3537,0
700,700,0,-588,00010a1,2612,3699,0
701,701,0,-951,00011a3,2660,3891,0
702,702,0,0,00012c9,2706,4096,0
703,703,0,951,0001419,2756,4351,0
704,704,0,588,0001596,2814,4614,0
705,705,0,-588,000174b,2879,4935,0
706,706,0,-951,0001953,2929,5303,0
707,707,0,0,0001bb7,2989,5748,0
708,708,0,951,0001e88,3055,6274,0
709,709,0,588,000220f,3119,6930,0
710,710,0,-588,0002676,3194,7755,0
711,711,0,-951,0002c38,3283,8819,0
712,712,0,0,00033e0,3357,10241,0
713,713,0,951,0003ebe,3433,12262,0
714,714,0,588,0004f57,3527,15361,0
715,715,0,-588,0006bca,3620,20651,0
716,716,0,-951,000a7de,3716,31821,0
717,717,0,0,0017a20,3808,70921,0
718,718,0,951,7fa15f3,3945,-281018,0
719,719,0,588,7ff036d,4067,-46394,0
720,720,0,-588,7ff7619,4182,-25063,0
721,721,0,-951,7ffa118,4330,-17068,0
722,722,0,0,7ffb7a2,4464,-12878,0
723,723,0,951,7ffc57b,4632,-10300,0
724,724,0,588,7ffcee3,4804,-8546,0
725,725,0,-588,7ffd5b5,4998,-7292,0
726,726,0,-951,7ffdacd,5197,-6343,0
727,727,0,0,7ffded4,5429,-5593,0
728,728,0,951,7ffe20d,5672,-4992,0
729,729,0,588,7ffe4b4,5942,-4504,0
730,730,0,-588,7ffe6ec,6228,-4090,0
731,731,0,-951,7ffe8d3,6566,-3737,0
732,732,0,0,7ffea66,6940,-3436,0
733,733,0,951,7ffebd9,7355,-3185,0
734,734,0,588,7ffed12,7846,-2955,0
735,735,0,-588,7ffee2b,8382,-2749,0
736,736,0,-951,7ffef23,9013,-2572,0
737,737,0,0,7fff003,9753,-2410,0
738,738,0,951,7fff0c7,10633,-2261,0
739,739,0,588,7fff17b,11670,-2138,0
740,740,0,-588,7fff227,12969,-2008,0
741,741,0,-951,7fff2ba,14594,-1902,0
742,742,0,0,7fff349,16709,-1809,0
743,743,0,951,7fff3cc,19527,-1714,0
744,744,0,588,7fff440,23530,-1634,0
745,745,0,-588,7fff4af,29653,-1553,0
746,746,0,-951,7fff514,40133,-1475,0
747,747,0,0,7fff568,62265,-1409,0
748,748,0,951,7fff5ce,139732,-1346,0
749,749,0,588,7fff620,557474,-1290,0
750,750,0,-588,7fff66b,92667,-1232,0
751,751,0,-951,7fff6b6,50414,-1183,0
752,752,0,0,7fff6f4,34574,-1128,0
753,753,0,951,7fff73b,26272,-1084,0
754,754,0,588,7fff786,21169,-1029,0
755,755,0,-588,7fff7b2,17702,-999,0
756,756,0,-951,7fff7f4,15200,-963,0
757,757,0,0,7fff822,13323,-921,0
758,758,0,951,7fff852,11840,-891,0
759,759,0,588,7fff890,10653,-845,0
760,760,0,-588,7fff8ad,9680,-819,0
761,761,0,-951,7fff8da,8863,-792,0
762,762,0,0,7fff908,8165,-763,0
763,763,0,951,7fff930,7581,-722,0
764,764,0,588,7fff958,7060,-705,0
765,765,0,-588,7fff973,6609,-681,0
766,766,0,-951,7fff99c,6205,-650,0
767,767,0,0,7fff9c3,5851,-625,0
768,768,0,951,7fff9e0,5531,-615,0
769,769,0,588,7fff9fd,5246,-588,0
770,770,0,-588,7fffa1f,4993,-570,0
771,771,0,-951,7fffa33,4744,-540,0
772,772,0,0,7fffa5c,4534,-531,0
773,773,0,951,7fffa6b,4336,-508,0
774,774,0,588,7fffa8d,4149,-497,0
775,775,0,-588,7fffaa2,3986,-472,0
776,776,0,-951,7fffaba,3827,-458,0
777,777,0,0,7fffad4,3681,-440,0
778,778,0,951,7fffaee,3558,-422,0
779,779,0,588,7fffb05,3419,-412,0
780,780,0,-588,7fffb17,3305,-394,0
781,781,0,-951,7fffb2b,3196,-383,0
782,782,0,0,7fffb3a,3093,-367,0
783,783,0,951,7fffb59,3000,-356,0
784,784,0,588,7fffb64,2902,-347,0
785,785,0,-588,7fffb77,2796,-332,0
786,786,0,-951,7fffb8e,2735,-316,0
787,787,0,0,7fffb99,2648,-306,0
788,788,0,951,7fffbaf,2579,-300,0
789,789,0,588,7fffbbc,2513,-287,0
790,790,0,-588,7fffbca,2426,-277,0
791,791,0,-951,7fffbd7,2382,-256,0
792,792,0,0,7fffbef,2322,-263,0
793,793,0,951,7fffbf5,2259,-249,0
794,794,0,588,7fffc00,2198,-238,0
795,795,0,-588,7fffc19,2147,-230,0
796,796,0,-951,7fffc26,2107,-221,0
797,797,0,0,7fffc33,2050,-204,0
798,798,0,951,7fffc44,1996,-204,0
799,799,0,588,7fffc50,1961,-201,0
800,800,0,-588,7fffc5d,1918,-189,0
801,801,0,-951,7fffc62,1874,-176,0
802,802,0,0,7fffc68,1840,-161,0
803,803,0,951,7fffc7d,1791,-158,0
804,804,0,588,7fffc8c,1766,-161,0
805,805,0,-588,7fffc96,1724,-143,0
806,806,0,-951,7fffc9d,1692,-144,0
807,807,0,0,7fffcaf,1660,-128,0
808,808,0,951,7fffcb4,1625,-117,0
809,809,0,588,7fffcc1,1589,-118,0
810,810,0,-588,7fffcbd,1560,-119,0
811,811,0,-951,7fffcd8,1534,-102,0
812,812,0,0,7fffcdf,1508,-96,0
813,813,0,951,7fffce7,1486,-88,0
814,814,0,588,7fffce5,1447,-96,0
815,815,0,-588,7fffcf6,1432,-83,0
816,816,0,-951,7fffcfd,1406,-81,0
817,817,0,0,7fffd07,1375,-71,0
818,818,0,951,7fffd0a,1360,-74,0
819,819,0,588,7fffd17,1333,-61,0
820,820,0,-588,7fffd21,1314,-57,0
821,821,0,-951,7fffd2f,1296,-55,0
822,822,0,0,7fffd3d,1275,-44,0
823,823,0,951,7fffd3c,1250,-32,0
824,824,0,588,7fffd41,1240,-30,0
825,825,0,-588,7fffd52,1224,-35,0
826,826,0,-951,7fffd54,1194,-33,0
827,827,0,0,7fffd5b,1177,-22,0
828,828,0,951,7fffd5d,1157,-21,0
829,829,0,588,7fffd6a,1138,-13,0
830,830,0,-588,7fffd72,1124,-7,0
831,831,0,-951,7fffd73,1106,-4,0
832,832,0,0,7fffd75,1097,-3,0
833,833,0,951,7fffd86,1087,1,0
834,834,0,588,7fffd84,1062,3,0
835,835,0,-588,7fffd9d,1046,8,0
836,836,0,-951,7fffd9f,1031,11,0
837,837,0,0,7fffda4,1023,17,0
838,838,0,951,7fffda4,1000,20,0
839,839,0,588,7fffdab,992,21,0
840,840,0,-588,7fffdbc,977,19,0
841,841,0,-951,7fffdb3,982,32,0
842,842,0,0,7fffdc8,948,42,0
843,843,0,951,7fffdc7,939,38,0
844,844,0,588,7fffdcd,929,40,0
845,845,0,-588,7fffdd0,932,42,0
846,846,0,-951,7fffdde,911,49,0
847,847,0,0,7fffdde,903,52,0
848,848,0,951,7fffddf,890,50,0
849,849,0,588,7fffde8,887,55,0
850,850,0,-588,7fffdf0,870,55,0
851,851,0,-951,7fffdef,858,66,0
852,852,0,0,7fffdf5,842,68,0
853,853,0,951,7fffdfc,825,68,0
854,854,0,588,7fffe0a,825,69,0
855,855,0,-588,7fffe08,819,70,0
856,856,0,-951,7fffe11,800,77,0
857,857,0,0,7fffe11,797,78,0
858,858,0,951,7fffe18,789,83,0
859,859,0,588,7fffe15,786,83,0
860,860,0,-588,7fffe1d,771,88,0
861,861,0,-951,7fffe2c,762,85,0
862,862,0,0,7fffe38,760,91,0
863,863,0,951,7fffe1f,758,83,0
864,864,0,588,7fffe39,738,100,0
865,865,0,-588,7fffe37,740,96,0
866,866,0,-951,7fffe3a,711,103,0
867,867,0,0,7fffe44,709,100,0
868,868,0,951,7fffe48,703,97,0
869,869,0,588,7fffe4d,703,100,0
870,870,0,-588,7fffe54,696,114,0
871,871,0,-951,7fffe55,676,105,0
872,872,0,0,7fffe58,687,116,0
873,873,0,951,7fffe59,663,113,0
874,874,0,588,7fffe61,664,112,0
875,875,0,-588,7fffe67,657,120,0
876,876,0,-951,7fffe61,653,123,0
877,877,0,0,7fffe6b,638,120,0
878,878,0,951,7fffe6c,639,124,0
879,879,0,588,7fffe6d,637,122,0
880,880,0,-588,7fffe75,627,124,0
881,881,0,-951,7fffe7b,618,128,0
882,882,0,0,7fffe7b,620,120,0
883,883,0,951,7fffe82,614,134,0
884,884,0,588,7fffe8e,606,130,0
885,885,0,-588,7fffe91,590,136,0
886,886,0,-951,7fffe83,592,138,0
887,887,0,0,7fffe92,583,142,0
888,888,0,951,7fffe99,584,148,0
889,889,0,588,7fffe98,576,142,0
890,890,0,-588,7fffea3,580,142,0
891,891,0,-951,7fffe9f,571,146,0
892,892,0,0,7fffea3,554,141,0
893,893,0,951,7fffeaa,541,146,0
894,894,0,588,7fffea5,568,150,0
895,895,0,-588,7fffeac,542,150,0
896,896,0,-951,7fffea9,543,149,0
897,897,0,0,7fffeb4,542,151,0
898,898,0,951,7fffeb3,530,150,0
899,899,0,588,7fffec0,525,153,0
900,900,0,-588,7fffebf,520,156,0
901,901,0,-951,7fffec4,515,156,0
902,902,0,0,7fffed0,512,166,0
903,903,0,951,7fffeca,511,163,0
904,904,0,588,7fffecf,510,163,0
905,905,0,-588,7fffed0,500,163,0
906,906,0,-951,7fffed7,496,170,0
907,907,0,0,7fffede,504,164,0
908,908,0,951,7fffed6,491,162,0
909,909,0,588,7fffedf,492,168,0
910,910,0,-588,7fffee6,490,176,0
911,911,0,-951,7fffee7,482,171,0
912,912,0,0,7fffee4,476,171,0
913,913,0,951,7fffee7,474,172,0
914,914,0,588,7fffeee,471,174,0
915,915,0,-588,7fffeeb,456,172,0
916,916,0,-951,7fffeeb,455,165,0
917,917,0,0,7fffef9,472,167,0
918,918,0,951,7fffef7,457,165,0
919,919,0,588,7ffff01,452,176,0
920,920,0,-588,7fffef9,451,167,0
921,921,0,-951,7fffefc,439,170,0
922,922,0,0,7fffef5,444,136,0
923,923,0,951,7ffff1b,438,247,0
924,924,0,588,7ffff09,433,202,0
925,925,0,-588,7ffff12,440,195,0
926,926,0,-951,7ffff0f,432,189,0
927,927,0,0,7ffff16,435,191,0
928,928,0,951,7ffff21,425,189,0
929,929,0,588,7ffff1a,425,194,0
930,930,0,-588,7ffff22,413,190,0
931,931,0,-951,7ffff1c,415,189,0
932,932,0,0,7ffff2e,410,194,0
933,933,0,951,7ffff27,403,194,0
934,934,0,588,7ffff28,408,188,0
935,935,0,-588,7ffff2d,402,203,0
936,936,0,-951,7ffff2f,402,195,0
937,937,0,0,7ffff37,398,200,0
938,938,0,951,7ffff2a,388,205,0
939,939,0,588,7ffff37,395,208,0
940,940,0,-588,7ffff3e,389,205,0
941,941,0,-951,7ffff3c,387,199,0
942,942,0,0,7ffff45,383,204,0
943,943,0,951,7ffff3e,386,195,0
944,944,0,588,7ffff4b,383,208,0
945,945,0,-588,7ffff42,378,201,0
946,946,0,-951,7ffff4a,380,196,0
947,947,0,0,7ffff4b,375,203,0
948,948,0,951,7ffff4a,363,205,0
949,949,0,588,7ffff4f,363,206,0
950,950,0,-588,7ffff50,361,207,0
951,951,0,-951,7ffff54,363,199,0
952,952,0,0,7ffff59,362,199,0
953,953,0,951,7ffff5b,349,209,0
954,954,0,588,7ffff5a,392,206,0
955,955,0,-588,7ffff61,372,200,0
956,956,0,-951,7ffff68,358,204,0
957,957,0,0,7ffff64,357,206,0
958,958,0,951,7ffff63,352,210,0
959,959,0,588,7ffff72,340,210,0
960,960,0,-588,7ffff74,350,214,0
961,961,0,-951,7ffff6e,340,210,0
962,962,0,0,7ffff79,345,211,0
963,963,0,951,7ffff6b,332,210,0
964,964,0,588,7ffff7a,339,208,0
965,965,0,-588,7ffff77,333,214,0
966,966,0,-951,7ffff7b,341,212,0
967,967,0,0,7ffff76,333,209,0
968,968,0,951,7ffff85,330,208,0
969,969,0,588,7ffff82,345,212,0
970,970,0,-588,7ffff87,336,209,0
971,971,0,-951,7ffff84,328,217,0
972,972,0,0,7ffff80,325,213,0
973,973,0,951,7ffff8e,322,217,0
974,974,0,588,7ffff7f,320,214,0
975,975,0,-588,7ffff91,321,212,0
976,976,0,-951,7ffff99,322,219,0
977,977,0,0,7ffff96,311,216,0
978,978,0,951,7ffff9f,316,223,0
979,979,0,588,7ffff9d,319,214,0
980,980,0,-588,7ffff90,316,227,0
981,981,0,-951,7ffff9c,316,219,0
982,982,0,0,7ffffa1,306,221,0
983,983,0,951,7ffff9f,302,220,0
984,984,0,588,7ffffa5,310,218,0
985,985,0,-588,7ffffa4,308,220,0
986,986,0,-951,7ffffa6,297,222,0
987,987,0,0,7ffffa5,296,223,0
988,988,0,951,7ffffa9,301,217,0
989,989,0,588,7ffffb4,305,220,0
990,990,0,-588,7ffffb1,295,218,0
991,991,0,-951,7ffffb2,298,224,0
992,992,0,0,7ffffb4,297,217,0
993,993,0,951,7ffffb7,291,220,0
994,994,0,588,7ffffbe,299,224,0
995,995,0,-588,7ffffc2,288,219,0
996,996,0,-951,7ffffbb,296,230,0
997,997,0,0,7ffffc5,291,225,0
998,998,0,951,7ffffc2,292,234,0
999,999,0,588,7ffffc6,281,218,0
1000,1000,0,-588,7ffffcb,287,229,0
1001,1001,0,-951,7ffffce,281,222,0
1002,1002,0,0,7ffffcf,291,232,0
1003,1003,0,951,7ffffca,289,231,0
1004,1004,0,588,7ffffdb,285,233,0
1005,1005,0,-588,7ffffd2,291,228,0
1006,1006,0,-951,7ffffdb,278,224,0
1007,1007,0,0,7ffffd7,282,230,0
1008,1008,0,951,7ffffdf,280,231,0
1009,1009,0,588,7ffffdf,283,224,0
1010,1010,0,-588,7ffffe3,274,230,0
1011,1011,0,-951,7ffffe0,295,227,0
1012,1012,0,0,7ffffe9,280,224,0
1013,1013,0,951,7ffffe2,280,225,0
1014,1014,0,588,7ffffe4,280,229,0
1015,1015,0,-588,7fffff4,275,225,0
1016,1016,0,-951,7ffffef,278,227,0
1017,1017,0,0,7ffffec,279,226,0
1018,1018,0,951,7fffff9,280,232,0
1019,1019,0,588,7fffff3,272,221,0
1020,1020,0,-588,7fffff1,271,228,0
1021,1021,0,-951,7fffff5,270,225,0
1022,1022,0,0,0000002,276,224,0
1023,1023,0,951,7fffffa,267,230,0
